"Registration","TestDate","Result","ExpiryDate","Advisories","TestCentre","RecordedAt","RecordedBy"
"AMB158","2021-12-23","Pass","2023-01-07","","Canvey Commercial Testing","2021-12-23T15:22:00","Demo Admin"
"AMB119","2021-12-27","Pass","2023-01-11","Registration plate deteriorated but not likely to be misread","Southend Vehicle Test Centre","2021-12-27T15:04:00","Demo Admin"
"AMB297","2021-12-28","Pass","2023-01-14","Oil leak, but not excessive","Canvey Commercial Testing","2021-12-28T09:44:00","Demo Admin"
"AMB147","2021-12-30","Pass","2023-01-07","","Chelmsford Fleet Services","2021-12-30T08:08:00","Demo Admin"
"AMB284","2021-12-30","Pass","2023-01-16","","Essex Commercial MOT Centre","2021-12-30T10:42:00","Demo Admin"
"AMB263","2022-01-01","Pass","2023-01-03","Nearside front tyre worn close to legal limit","Canvey Commercial Testing","2022-01-01T16:11:00","Demo Admin"
"AMB145","2022-01-02","Pass","2023-01-03","Nearside front tyre worn close to legal limit","Chelmsford Fleet Services","2022-01-02T10:03:00","Demo Admin"
"AMB173","2022-01-05","Pass","2023-01-07","","Canvey Commercial Testing","2022-01-05T09:00:00","Demo Admin"
"AMB118","2022-01-07","Pass","2023-01-07","Slight play in steering linkage","Southend Vehicle Test Centre","2022-01-07T14:31:00","Demo Admin"
"AMB135","2022-01-08","Pass","2023-01-08","","Essex Commercial MOT Centre","2022-01-08T12:57:00","Demo Admin"
"AMB270","2022-01-08","Pass","2023-01-17","Minor windscreen damage outside driver's view","Canvey Commercial Testing","2022-01-08T16:30:00","Demo Admin"
"AMB171","2022-01-09","Pass","2023-01-17","Brake disc worn but not seriously weakened","Chelmsford Fleet Services","2022-01-09T11:40:00","Demo Admin"
"AMB184","2022-01-12","Pass","2023-01-23","Minor windscreen damage outside driver's view","Chelmsford Fleet Services","2022-01-12T15:54:00","Demo Admin"
"AMB286","2022-01-15","Pass","2023-01-25","Registration plate deteriorated but not likely to be misread","Canvey Commercial Testing","2022-01-15T13:25:00","Demo Admin"
"AMB191","2022-01-23","Pass","2023-01-24","Minor windscreen damage outside driver's view","Southend Vehicle Test Centre","2022-01-23T08:46:00","Demo Admin"
"AMB132","2022-01-31","Pass","2023-02-12","Offside rear tyre worn close to legal limit","Canvey Commercial Testing","2022-01-31T08:26:00","Demo Admin"
"AMB223","2022-02-03","Pass","2023-02-03","","Canvey Commercial Testing","2022-02-03T10:07:00","Demo Admin"
"AMB268","2022-02-05","Pass","2023-02-12","Slight play in steering linkage","Essex Commercial MOT Centre","2022-02-05T09:00:00","Demo Admin"
"AMB265","2022-02-06","Pass","2023-02-18","Minor windscreen damage outside driver's view","Essex Commercial MOT Centre","2022-02-06T13:01:00","Demo Admin"
"AMB153","2022-02-06","Pass","2023-02-11","Registration plate deteriorated but not likely to be misread","Canvey Commercial Testing","2022-02-06T14:42:00","Demo Admin"
"AMB203","2022-02-06","Pass","2023-02-06","Offside rear tyre worn close to legal limit","Canvey Commercial Testing","2022-02-06T16:14:00","Demo Admin"
"AMB300","2022-02-07","Pass","2023-02-22","Offside rear tyre worn close to legal limit","Chelmsford Fleet Services","2022-02-07T10:59:00","Demo Admin"
"AMB232","2022-02-10","Pass","2023-02-21","Nearside front tyre worn close to legal limit","Chelmsford Fleet Services","2022-02-10T11:24:00","Demo Admin"
"AMB199","2022-02-11","Pass","2023-02-13","Slight play in steering linkage","Southend Vehicle Test Centre","2022-02-11T10:22:00","Demo Admin"
"AMB167","2022-02-12","Pass","2023-02-21","Offside rear tyre worn close to legal limit","Chelmsford Fleet Services","2022-02-12T12:04:00","Demo Admin"
"AMB141","2022-02-14","Pass","2023-02-22","","Essex Commercial MOT Centre","2022-02-14T08:51:00","Demo Admin"
"AMB163","2022-02-14","Pass","2023-02-23","Registration plate deteriorated but not likely to be misread","Canvey Commercial Testing","2022-02-14T09:16:00","Demo Admin"
"AMB165","2022-02-14","Pass","2023-02-21","Minor windscreen damage outside driver's view","Chelmsford Fleet Services","2022-02-14T16:03:00","Demo Admin"
"AMB231","2022-02-17","Pass","2023-03-04","","Canvey Commercial Testing","2022-02-17T11:44:00","Demo Admin"
"AMB238","2022-02-19","Pass","2023-03-03","","Canvey Commercial Testing","2022-02-19T12:49:00","Demo Admin"
"AMB137","2022-02-20","Pass","2023-03-07","","Essex Commercial MOT Centre","2022-02-20T09:25:00","Demo Admin"
"AMB214","2022-02-21","Pass","2023-03-07","Offside rear tyre worn close to legal limit","Chelmsford Fleet Services","2022-02-21T13:11:00","Demo Admin"
"AMB124","2022-02-22","Pass","2023-03-07","Offside rear tyre worn close to legal limit","Chelmsford Fleet Services","2022-02-22T15:09:00","Demo Admin"
"AMB280","2022-02-22","Pass","2023-03-09","Offside rear tyre worn close to legal limit","Southend Vehicle Test Centre","2022-02-22T15:19:00","Demo Admin"
"AMB169","2022-02-23","Pass","2023-03-06","","Chelmsford Fleet Services","2022-02-23T14:23:00","Demo Admin"
"AMB218","2022-03-01","Pass","2023-03-05","Slight play in steering linkage","Essex Commercial MOT Centre","2022-03-01T14:40:00","Demo Admin"
"AMB133","2022-03-04","Pass","2023-03-20","","Southend Vehicle Test Centre","2022-03-04T15:06:00","Demo Admin"
"AMB254","2022-03-05","Pass","2023-03-05","Minor windscreen damage outside driver's view","Essex Commercial MOT Centre","2022-03-05T10:19:00","Demo Admin"
"AMB110","2022-03-07","Pass","2023-03-16","Slight play in steering linkage","Canvey Commercial Testing","2022-03-07T14:33:00","Demo Admin"
"AMB258","2022-03-08","Pass","2023-03-25","","Canvey Commercial Testing","2022-03-08T13:42:00","Demo Admin"
"AMB287","2022-03-10","Pass","2023-03-15","Offside rear tyre worn close to legal limit","Canvey Commercial Testing","2022-03-10T09:35:00","Demo Admin"
"AMB179","2022-03-13","Pass","2023-03-14","Minor windscreen damage outside driver's view","Essex Commercial MOT Centre","2022-03-13T12:11:00","Demo Admin"
"AMB211","2022-03-14","Pass","2023-03-23","","Chelmsford Fleet Services","2022-03-14T15:29:00","Demo Admin"
"AMB127","2022-03-24","Pass","2023-04-09","Nearside front tyre worn close to legal limit","Canvey Commercial Testing","2022-03-24T08:45:00","Demo Admin"
"AMB227","2022-03-24","Pass","2023-04-06","Brake disc worn but not seriously weakened","Chelmsford Fleet Services","2022-03-24T16:52:00","Demo Admin"
"AMB273","2022-03-27","Pass","2023-04-07","","Canvey Commercial Testing","2022-03-27T09:30:00","Demo Admin"
"AMB136","2022-03-28","Pass","2023-04-11","Nearside front tyre worn close to legal limit","Canvey Commercial Testing","2022-03-28T14:46:00","Demo Admin"
"AMB272","2022-03-28","Pass","2023-04-11","Slight play in steering linkage","Canvey Commercial Testing","2022-03-28T16:19:00","Demo Admin"
"AMB182","2022-03-30","Pass","2023-04-07","Brake disc worn but not seriously weakened","Essex Commercial MOT Centre","2022-03-30T14:43:00","Demo Admin"
"AMB216","2022-04-01","Pass","2023-04-13","Oil leak, but not excessive","Essex Commercial MOT Centre","2022-04-01T13:21:00","Demo Admin"
"AMB250","2022-04-02","Pass","2023-04-06","Brake disc worn but not seriously weakened","Canvey Commercial Testing","2022-04-02T08:00:00","Demo Admin"
"AMB241","2022-04-10","Pass","2023-04-24","","Chelmsford Fleet Services","2022-04-10T11:17:00","Demo Admin"
"AMB240","2022-04-10","Pass","2023-04-20","","Canvey Commercial Testing","2022-04-10T12:59:00","Demo Admin"
"AMB230","2022-04-12","Pass","2023-04-15","Registration plate deteriorated but not likely to be misread","Chelmsford Fleet Services","2022-04-12T15:10:00","Demo Admin"
"AMB117","2022-04-14","Pass","2023-04-14","Offside rear tyre worn close to legal limit","Chelmsford Fleet Services","2022-04-14T09:17:00","Demo Admin"
"AMB142","2022-04-15","Pass","2023-04-16","Oil leak, but not excessive","Canvey Commercial Testing","2022-04-15T13:37:00","Demo Admin"
"AMB245","2022-04-22","Pass","2023-05-03","Brake disc worn but not seriously weakened","Canvey Commercial Testing","2022-04-22T09:41:00","Demo Admin"
"AMB193","2022-04-22","Pass","2023-04-24","Brake disc worn but not seriously weakened","Southend Vehicle Test Centre","2022-04-22T11:37:00","Demo Admin"
"AMB150","2022-04-24","Pass","2023-05-07","Registration plate deteriorated but not likely to be misread","Chelmsford Fleet Services","2022-04-24T11:51:00","Demo Admin"
"AMB154","2022-04-26","Pass","2023-05-07","","Canvey Commercial Testing","2022-04-26T12:23:00","Demo Admin"
"AMB289","2022-05-02","Pass","2023-05-14","Minor windscreen damage outside driver's view","Essex Commercial MOT Centre","2022-05-02T13:58:00","Demo Admin"
"AMB219","2022-05-03","Pass","2023-05-16","Offside rear tyre worn close to legal limit","Canvey Commercial Testing","2022-05-03T10:04:00","Demo Admin"
"AMB189","2022-05-04","Pass","2023-05-18","Registration plate deteriorated but not likely to be misread","Canvey Commercial Testing","2022-05-04T16:05:00","Demo Admin"
"AMB170","2022-05-06","Pass","2023-05-17","Slight play in steering linkage","Canvey Commercial Testing","2022-05-06T15:18:00","Demo Admin"
"AMB262","2022-05-07","Pass","2023-05-18","Brake disc worn but not seriously weakened","Southend Vehicle Test Centre","2022-05-07T12:05:00","Demo Admin"
"AMB188","2022-05-07","Pass","2023-05-12","Slight play in steering linkage","Essex Commercial MOT Centre","2022-05-07T12:22:00","Demo Admin"
"AMB107","2022-05-08","Pass","2023-05-23","","Chelmsford Fleet Services","2022-05-08T16:19:00","Demo Admin"
"AMB207","2022-05-12","Pass","2023-05-24","Nearside front tyre worn close to legal limit","Essex Commercial MOT Centre","2022-05-12T13:36:00","Demo Admin"
"AMB105","2022-05-13","Pass","2023-05-25","Oil leak, but not excessive","Chelmsford Fleet Services","2022-05-13T08:41:00","Demo Admin"
"AMB125","2022-05-14","Pass","2023-05-14","Minor windscreen damage outside driver's view","Canvey Commercial Testing","2022-05-14T16:16:00","Demo Admin"
"AMB149","2022-05-19","Pass","2023-06-04","Nearside front tyre worn close to legal limit","Essex Commercial MOT Centre","2022-05-19T09:32:00","Demo Admin"
"AMB176","2022-05-19","Pass","2023-06-05","","Chelmsford Fleet Services","2022-05-19T12:22:00","Demo Admin"
"AMB282","2022-05-23","Pass","2023-05-24","","Chelmsford Fleet Services","2022-05-23T12:10:00","Demo Admin"
"AMB190","2022-05-27","Pass","2023-06-11","Slight play in steering linkage","Canvey Commercial Testing","2022-05-27T11:14:00","Demo Admin"
"AMB281","2022-05-28","Pass","2023-06-03","Nearside front tyre worn close to legal limit","Canvey Commercial Testing","2022-05-28T14:28:00","Demo Admin"
"AMB156","2022-05-30","Pass","2023-06-10","Offside rear tyre worn close to legal limit","Canvey Commercial Testing","2022-05-30T13:12:00","Demo Admin"
"AMB159","2022-06-05","Pass","2023-06-14","","Essex Commercial MOT Centre","2022-06-05T16:50:00","Demo Admin"
"AMB151","2022-06-08","Pass","2023-06-25","Offside rear tyre worn close to legal limit","Chelmsford Fleet Services","2022-06-08T09:32:00","Demo Admin"
"AMB243","2022-06-10","Pass","2023-06-10","Offside rear tyre worn close to legal limit","Southend Vehicle Test Centre","2022-06-10T10:34:00","Demo Admin"
"AMB175","2022-06-10","Pass","2023-06-17","","Southend Vehicle Test Centre","2022-06-10T15:40:00","Demo Admin"
"AMB112","2022-06-11","Pass","2023-06-18","","Canvey Commercial Testing","2022-06-11T10:38:00","Demo Admin"
"AMB276","2022-06-12","Pass","2023-06-20","","Chelmsford Fleet Services","2022-06-12T13:36:00","Demo Admin"
"AMB101","2022-06-14","Pass","2023-06-16","","Essex Commercial MOT Centre","2022-06-14T10:04:00","Demo Admin"
"AMB288","2022-06-16","Pass","2023-06-18","Nearside front tyre worn close to legal limit","Canvey Commercial Testing","2022-06-16T10:29:00","Demo Admin"
"AMB294","2022-06-19","Pass","2023-06-21","","Canvey Commercial Testing","2022-06-19T16:29:00","Demo Admin"
"AMB102","2022-06-21","Pass","2023-07-07","Brake disc worn but not seriously weakened","Canvey Commercial Testing","2022-06-21T08:46:00","Demo Admin"
"AMB187","2022-06-21","Pass","2023-07-08","Offside rear tyre worn close to legal limit","Essex Commercial MOT Centre","2022-06-21T10:11:00","Demo Admin"
"AMB172","2022-06-23","Pass","2023-07-08","Slight play in steering linkage","Chelmsford Fleet Services","2022-06-23T08:26:00","Demo Admin"
"AMB160","2022-06-24","Pass","2023-07-04","Slight play in steering linkage","Canvey Commercial Testing","2022-06-24T09:20:00","Demo Admin"
"AMB114","2022-06-24","Pass","2023-07-10","Nearside front tyre worn close to legal limit","Chelmsford Fleet Services","2022-06-24T10:17:00","Demo Admin"
"AMB292","2022-06-28","Pass","2023-07-14","Slight play in steering linkage","Essex Commercial MOT Centre","2022-06-28T13:02:00","Demo Admin"
"AMB115","2022-07-01","Pass","2023-07-13","Registration plate deteriorated but not likely to be misread","Canvey Commercial Testing","2022-07-01T12:05:00","Demo Admin"
"AMB295","2022-07-03","Pass","2023-07-12","","Chelmsford Fleet Services","2022-07-03T15:02:00","Demo Admin"
"AMB298","2022-07-05","Pass","2023-07-08","Offside rear tyre worn close to legal limit","Essex Commercial MOT Centre","2022-07-05T11:40:00","Demo Admin"
"AMB106","2022-07-05","Pass","2023-07-21","Registration plate deteriorated but not likely to be misread","Canvey Commercial Testing","2022-07-05T16:48:00","Demo Admin"
"AMB205","2022-07-06","Pass","2023-07-22","Offside rear tyre worn close to legal limit","Canvey Commercial Testing","2022-07-06T09:38:00","Demo Admin"
"AMB264","2022-07-06","Pass","2023-07-10","Minor windscreen damage outside driver's view","Essex Commercial MOT Centre","2022-07-06T15:17:00","Demo Admin"
"AMB120","2022-07-07","Pass","2023-07-12","Offside rear tyre worn close to legal limit","Essex Commercial MOT Centre","2022-07-07T11:59:00","Demo Admin"
"AMB181","2022-07-08","Pass","2023-07-08","Registration plate deteriorated but not likely to be misread","Canvey Commercial Testing","2022-07-08T09:41:00","Demo Admin"
"AMB164","2022-07-08","Pass","2023-07-14","","Southend Vehicle Test Centre","2022-07-08T15:54:00","Demo Admin"
"AMB239","2022-07-10","Pass","2023-07-14","Slight play in steering linkage","Chelmsford Fleet Services","2022-07-10T15:49:00","Demo Admin"
"AMB210","2022-07-11","Pass","2023-07-11","Nearside front tyre worn close to legal limit","Chelmsford Fleet Services","2022-07-11T08:41:00","Demo Admin"
"AMB180","2022-07-12","Pass","2023-07-14","Brake disc worn but not seriously weakened","Chelmsford Fleet Services","2022-07-12T14:37:00","Demo Admin"
"AMB130","2022-07-14","Pass","2023-07-15","Slight play in steering linkage","Chelmsford Fleet Services","2022-07-14T15:36:00","Demo Admin"
"AMB144","2022-07-16","Pass","2023-07-21","","Essex Commercial MOT Centre","2022-07-16T15:13:00","Demo Admin"
"AMB267","2022-07-17","Pass","2023-07-21","Nearside front tyre worn close to legal limit","Southend Vehicle Test Centre","2022-07-17T11:51:00","Demo Admin"
"AMB198","2022-07-17","Pass","2023-07-21","Registration plate deteriorated but not likely to be misread","Canvey Commercial Testing","2022-07-17T16:16:00","Demo Admin"
"AMB138","2022-07-17","Pass","2023-07-21","Offside rear tyre worn close to legal limit","Chelmsford Fleet Services","2022-07-17T16:41:00","Demo Admin"
"AMB206","2022-07-18","Pass","2023-07-23","Offside rear tyre worn close to legal limit","Southend Vehicle Test Centre","2022-07-18T10:25:00","Demo Admin"
"AMB217","2022-07-18","Pass","2023-07-24","Offside rear tyre worn close to legal limit","Canvey Commercial Testing","2022-07-18T13:50:00","Demo Admin"
"AMB157","2022-07-19","Pass","2023-07-28","Slight play in steering linkage","Southend Vehicle Test Centre","2022-07-19T10:22:00","Demo Admin"
"AMB196","2022-07-20","Pass","2023-07-28","Brake disc worn but not seriously weakened","Essex Commercial MOT Centre","2022-07-20T16:16:00","Demo Admin"
"AMB140","2022-07-22","Pass","2023-08-06","Oil leak, but not excessive","Essex Commercial MOT Centre","2022-07-22T09:04:00","Demo Admin"
"AMB246","2022-07-26","Pass","2023-08-09","Nearside front tyre worn close to legal limit","Essex Commercial MOT Centre","2022-07-26T10:08:00","Demo Admin"
"AMB161","2022-07-26","Pass","2023-08-03","Nearside front tyre worn close to legal limit","Chelmsford Fleet Services","2022-07-26T12:00:00","Demo Admin"
"AMB242","2022-07-26","Pass","2023-07-28","","Canvey Commercial Testing","2022-07-26T13:05:00","Demo Admin"
"AMB247","2022-07-28","Pass","2023-08-09","Offside rear tyre worn close to legal limit","Southend Vehicle Test Centre","2022-07-28T11:31:00","Demo Admin"
"AMB278","2022-07-29","Pass","2023-08-08","Nearside front tyre worn close to legal limit","Canvey Commercial Testing","2022-07-29T14:49:00","Demo Admin"
"AMB221","2022-07-30","Pass","2023-08-04","","Canvey Commercial Testing","2022-07-30T13:42:00","Demo Admin"
"AMB186","2022-07-31","Pass","2023-08-03","Slight play in steering linkage","Canvey Commercial Testing","2022-07-31T14:49:00","Demo Admin"
"AMB178","2022-08-01","Pass","2023-08-16","Slight play in steering linkage","Chelmsford Fleet Services","2022-08-01T10:23:00","Demo Admin"
"AMB248","2022-08-02","Pass","2023-08-07","Minor windscreen damage outside driver's view","Canvey Commercial Testing","2022-08-02T08:05:00","Demo Admin"
"AMB220","2022-08-02","Pass","2023-08-19","Offside rear tyre worn close to legal limit","Essex Commercial MOT Centre","2022-08-02T09:33:00","Demo Admin"
"AMB279","2022-08-02","Pass","2023-08-03","Registration plate deteriorated but not likely to be misread","Southend Vehicle Test Centre","2022-08-02T16:59:00","Demo Admin"
"AMB197","2022-08-03","Pass","2023-08-18","Offside rear tyre worn close to legal limit","Canvey Commercial Testing","2022-08-03T15:58:00","Demo Admin"
"AMB285","2022-08-07","Pass","2023-08-09","","Chelmsford Fleet Services","2022-08-07T11:36:00","Demo Admin"
"AMB123","2022-08-13","Pass","2023-08-19","Nearside front tyre worn close to legal limit","Essex Commercial MOT Centre","2022-08-13T12:00:00","Demo Admin"
"AMB111","2022-08-15","Pass","2023-08-25","","Chelmsford Fleet Services","2022-08-15T15:58:00","Demo Admin"
"AMB244","2022-08-18","Pass","2023-08-18","Nearside front tyre worn close to legal limit","Chelmsford Fleet Services","2022-08-18T14:48:00","Demo Admin"
"AMB108","2022-08-18","Pass","2023-08-20","Brake disc worn but not seriously weakened","Canvey Commercial Testing","2022-08-18T15:41:00","Demo Admin"
"AMB162","2022-08-31","Pass","2023-09-03","","Southend Vehicle Test Centre","2022-08-31T12:55:00","Demo Admin"
"AMB293","2022-09-02","Pass","2023-09-05","Nearside front tyre worn close to legal limit","Essex Commercial MOT Centre","2022-09-02T08:31:00","Demo Admin"
"AMB261","2022-09-05","Pass","2023-09-13","","Chelmsford Fleet Services","2022-09-05T10:41:00","Demo Admin"
"AMB121","2022-09-05","Pass","2023-09-12","Minor windscreen damage outside driver's view","Canvey Commercial Testing","2022-09-05T11:30:00","Demo Admin"
"AMB252","2022-09-05","Pass","2023-09-09","Minor windscreen damage outside driver's view","Southend Vehicle Test Centre","2022-09-05T13:46:00","Demo Admin"
"AMB202","2022-09-06","Pass","2023-09-06","Oil leak, but not excessive","Canvey Commercial Testing","2022-09-06T15:52:00","Demo Admin"
"AMB233","2022-09-08","Pass","2023-09-10","Nearside front tyre worn close to legal limit","Chelmsford Fleet Services","2022-09-08T14:50:00","Demo Admin"
"AMB177","2022-09-08","Pass","2023-09-19","","Chelmsford Fleet Services","2022-09-08T16:44:00","Demo Admin"
"AMB296","2022-09-08","Pass","2023-09-24","Oil leak, but not excessive","Essex Commercial MOT Centre","2022-09-08T16:44:00","Demo Admin"
"AMB166","2022-09-12","Pass","2023-09-15","","Canvey Commercial Testing","2022-09-12T16:34:00","Demo Admin"
"AMB129","2022-09-13","Pass","2023-09-25","Brake disc worn but not seriously weakened","Chelmsford Fleet Services","2022-09-13T15:12:00","Demo Admin"
"AMB260","2022-09-19","Pass","2023-09-25","","Canvey Commercial Testing","2022-09-19T11:28:00","Demo Admin"
"AMB236","2022-09-21","Pass","2023-09-21","","Canvey Commercial Testing","2022-09-21T09:08:00","Demo Admin"
"AMB228","2022-09-21","Pass","2023-09-25","Brake disc worn but not seriously weakened","Canvey Commercial Testing","2022-09-21T16:15:00","Demo Admin"
"AMB194","2022-09-25","Pass","2023-10-09","Oil leak, but not excessive","Essex Commercial MOT Centre","2022-09-25T10:47:00","Demo Admin"
"AMB200","2022-09-25","Pass","2023-10-06","","Essex Commercial MOT Centre","2022-09-25T15:27:00","Demo Admin"
"AMB212","2022-09-27","Pass","2023-10-03","","Essex Commercial MOT Centre","2022-09-27T10:04:00","Demo Admin"
"AMB126","2022-09-30","Pass","2023-10-16","Nearside front tyre worn close to legal limit","Canvey Commercial Testing","2022-09-30T11:40:00","Demo Admin"
"AMB269","2022-10-03","Pass","2023-10-11","Registration plate deteriorated but not likely to be misread","Canvey Commercial Testing","2022-10-03T10:25:00","Demo Admin"
"AMB213","2022-10-04","Pass","2023-10-15","Minor windscreen damage outside driver's view","Essex Commercial MOT Centre","2022-10-04T08:51:00","Demo Admin"
"AMB255","2022-10-04","Pass","2023-10-07","Minor windscreen damage outside driver's view","Chelmsford Fleet Services","2022-10-04T11:29:00","Demo Admin"
"AMB122","2022-10-05","Pass","2023-10-20","Minor windscreen damage outside driver's view","Canvey Commercial Testing","2022-10-05T08:07:00","Demo Admin"
"AMB235","2022-10-06","Pass","2023-10-08","Minor windscreen damage outside driver's view","Southend Vehicle Test Centre","2022-10-06T15:11:00","Demo Admin"
"AMB225","2022-10-10","Pass","2023-10-17","","Essex Commercial MOT Centre","2022-10-10T15:51:00","Demo Admin"
"AMB183","2022-10-14","Pass","2023-10-16","Offside rear tyre worn close to legal limit","Chelmsford Fleet Services","2022-10-14T14:48:00","Demo Admin"
"AMB103","2022-10-15","Pass","2023-10-24","Offside rear tyre worn close to legal limit","Canvey Commercial Testing","2022-10-15T08:22:00","Demo Admin"
"AMB229","2022-10-15","Pass","2023-10-24","Brake disc worn but not seriously weakened","Canvey Commercial Testing","2022-10-15T13:18:00","Demo Admin"
"AMB290","2022-10-20","Pass","2023-11-03","Slight play in steering linkage","Chelmsford Fleet Services","2022-10-20T16:53:00","Demo Admin"
"AMB143","2022-10-21","Pass","2023-10-23","Nearside front tyre worn close to legal limit","Southend Vehicle Test Centre","2022-10-21T14:56:00","Demo Admin"
"AMB134","2022-10-23","Pass","2023-11-05","","Essex Commercial MOT Centre","2022-10-23T16:57:00","Demo Admin"
"AMB155","2022-10-24","Pass","2023-11-08","Offside rear tyre worn close to legal limit","Chelmsford Fleet Services","2022-10-24T12:39:00","Demo Admin"
"AMB215","2022-10-28","Pass","2023-11-11","","Chelmsford Fleet Services","2022-10-28T09:03:00","Demo Admin"
"AMB174","2022-10-30","Pass","2023-11-16","Registration plate deteriorated but not likely to be misread","Canvey Commercial Testing","2022-10-30T16:27:00","Demo Admin"
"AMB192","2022-11-01","Pass","2023-11-13","","Essex Commercial MOT Centre","2022-11-01T12:05:00","Demo Admin"
"AMB113","2022-11-02","Pass","2023-11-03","Nearside front tyre worn close to legal limit","Canvey Commercial Testing","2022-11-02T08:33:00","Demo Admin"
"AMB234","2022-11-02","Pass","2023-11-17","","Essex Commercial MOT Centre","2022-11-02T12:10:00","Demo Admin"
"AMB224","2022-11-02","Pass","2023-11-09","","Canvey Commercial Testing","2022-11-02T14:52:00","Demo Admin"
"AMB116","2022-11-03","Pass","2023-11-12","Brake disc worn but not seriously weakened","Chelmsford Fleet Services","2022-11-03T10:23:00","Demo Admin"
"AMB152","2022-11-05","Pass","2023-11-21","Minor windscreen damage outside driver's view","Chelmsford Fleet Services","2022-11-05T09:04:00","Demo Admin"
"AMB104","2022-11-05","Pass","2023-11-08","","Canvey Commercial Testing","2022-11-05T14:59:00","Demo Admin"
"AMB283","2022-11-06","Pass","2023-11-07","Slight play in steering linkage","Chelmsford Fleet Services","2022-11-06T08:49:00","Demo Admin"
"AMB299","2022-11-06","Pass","2023-11-09","","Southend Vehicle Test Centre","2022-11-06T16:41:00","Demo Admin"
"AMB185","2022-11-07","Pass","2023-11-11","","Canvey Commercial Testing","2022-11-07T13:26:00","Demo Admin"
"AMB168","2022-11-07","Pass","2023-11-21","Offside rear tyre worn close to legal limit","Canvey Commercial Testing","2022-11-07T15:13:00","Demo Admin"
"AMB237","2022-11-08","Pass","2023-11-10","","Canvey Commercial Testing","2022-11-08T16:57:00","Demo Admin"
"AMB222","2022-11-09","Pass","2023-11-17","Registration plate deteriorated but not likely to be misread","Canvey Commercial Testing","2022-11-09T15:12:00","Demo Admin"
"AMB275","2022-11-10","Pass","2023-11-24","Oil leak, but not excessive","Canvey Commercial Testing","2022-11-10T14:15:00","Demo Admin"
"AMB209","2022-11-11","Pass","2023-11-13","Minor windscreen damage outside driver's view","Chelmsford Fleet Services","2022-11-11T13:42:00","Demo Admin"
"AMB291","2022-11-12","Pass","2023-11-18","Offside rear tyre worn close to legal limit","Canvey Commercial Testing","2022-11-12T09:17:00","Demo Admin"
"AMB271","2022-11-12","Pass","2023-11-19","Slight play in steering linkage","Chelmsford Fleet Services","2022-11-12T12:55:00","Demo Admin"
"AMB128","2022-11-13","Pass","2023-11-17","","Southend Vehicle Test Centre","2022-11-13T09:27:00","Demo Admin"
"AMB257","2022-11-13","Pass","2023-11-25","Registration plate deteriorated but not likely to be misread","Southend Vehicle Test Centre","2022-11-13T09:51:00","Demo Admin"
"AMB259","2022-11-13","Pass","2023-11-25","Nearside front tyre worn close to legal limit","Chelmsford Fleet Services","2022-11-13T12:57:00","Demo Admin"
"AMB204","2022-11-14","Pass","2023-11-25","Nearside front tyre worn close to legal limit","Southend Vehicle Test Centre","2022-11-14T11:11:00","Demo Admin"
"AMB274","2022-11-17","Pass","2023-11-21","Nearside front tyre worn close to legal limit","Canvey Commercial Testing","2022-11-17T13:55:00","Demo Admin"
"AMB201","2022-11-17","Pass","2023-11-19","","Canvey Commercial Testing","2022-11-17T14:52:00","Demo Admin"
"AMB148","2022-11-17","Pass","2023-11-20","Slight play in steering linkage","Canvey Commercial Testing","2022-11-17T16:37:00","Demo Admin"
"AMB146","2022-11-21","Pass","2023-12-06","Slight play in steering linkage","Essex Commercial MOT Centre","2022-11-21T11:42:00","Demo Admin"
"AMB131","2022-11-24","Pass","2023-12-03","","Chelmsford Fleet Services","2022-11-24T16:41:00","Demo Admin"
"AMB256","2022-11-26","Pass","2023-12-05","","Canvey Commercial Testing","2022-11-26T10:53:00","Demo Admin"
"AMB109","2022-11-29","Pass","2023-12-11","","Canvey Commercial Testing","2022-11-29T12:56:00","Demo Admin"
"AMB226","2022-11-29","Pass","2023-12-05","Oil leak, but not excessive","Canvey Commercial Testing","2022-11-29T13:37:00","Demo Admin"
"AMB266","2022-12-01","Pass","2023-12-05","Registration plate deteriorated but not likely to be misread","Chelmsford Fleet Services","2022-12-01T16:39:00","Demo Admin"
"AMB208","2022-12-04","Pass","2023-12-15","Nearside front tyre worn close to legal limit","Chelmsford Fleet Services","2022-12-04T08:56:00","Demo Admin"
"AMB277","2022-12-07","Pass","2023-12-22","Oil leak, but not excessive","Southend Vehicle Test Centre","2022-12-07T09:44:00","Demo Admin"
"AMB253","2022-12-07","Pass","2023-12-21","","Essex Commercial MOT Centre","2022-12-07T10:21:00","Demo Admin"
"AMB249","2022-12-08","Pass","2023-12-14","","Canvey Commercial Testing","2022-12-08T09:22:00","Demo Admin"
"AMB195","2022-12-09","Pass","2023-12-18","Offside rear tyre worn close to legal limit","Southend Vehicle Test Centre","2022-12-09T15:22:00","Demo Admin"
"AMB251","2022-12-13","Pass","2023-12-24","Offside rear tyre worn close to legal limit","Chelmsford Fleet Services","2022-12-13T10:58:00","Demo Admin"
"AMB139","2022-12-13","Pass","2023-12-22","","Canvey Commercial Testing","2022-12-13T14:03:00","Demo Admin"
"AMB145","2022-12-25","Pass","2024-01-03","Slight play in steering linkage","Chelmsford Fleet Services","2022-12-25T09:42:00","Demo Admin"
"AMB118","2022-12-25","Pass","2024-01-07","Minor windscreen damage outside driver's view","Essex Commercial MOT Centre","2022-12-25T16:11:00","Demo Admin"
"AMB135","2022-12-26","Pass","2024-01-08","Registration plate deteriorated but not likely to be misread","Chelmsford Fleet Services","2022-12-26T08:21:00","Demo Admin"
"AMB297","2022-12-29","Pass","2024-01-14","Slight play in steering linkage","Canvey Commercial Testing","2022-12-29T08:57:00","Demo Admin"
"AMB119","2022-12-30","Pass","2024-01-11","","Southend Vehicle Test Centre","2022-12-30T16:49:00","Demo Admin"
"AMB173","2023-01-01","Pass","2024-01-07","Oil leak, but not excessive","Canvey Commercial Testing","2023-01-01T10:01:00","Demo Admin"
"AMB263","2023-01-02","Pass","2024-01-03","Registration plate deteriorated but not likely to be misread","Canvey Commercial Testing","2023-01-02T11:18:00","Demo Admin"
"AMB284","2023-01-02","Pass","2024-01-16","","Canvey Commercial Testing","2023-01-02T13:38:00","Demo Admin"
"AMB158","2023-01-03","Pass","2024-01-07","Brake disc worn but not seriously weakened","Canvey Commercial Testing","2023-01-03T12:16:00","Demo Admin"
"AMB171","2023-01-04","Pass","2024-01-17","","Chelmsford Fleet Services","2023-01-04T16:07:00","Demo Admin"
"AMB147","2023-01-05","Pass","2024-01-07","","Chelmsford Fleet Services","2023-01-05T09:15:00","Demo Admin"
"AMB270","2023-01-06","Pass","2024-01-17","Registration plate deteriorated but not likely to be misread","Canvey Commercial Testing","2023-01-06T11:36:00","Demo Admin"
"AMB286","2023-01-08","Pass","2024-01-25","Slight play in steering linkage","Canvey Commercial Testing","2023-01-08T13:10:00","Demo Admin"
"AMB191","2023-01-11","Pass","2024-01-24","Offside rear tyre worn close to legal limit","Southend Vehicle Test Centre","2023-01-11T14:10:00","Demo Admin"
"AMB184","2023-01-16","Pass","2024-01-23","Brake disc worn but not seriously weakened","Chelmsford Fleet Services","2023-01-16T15:12:00","Demo Admin"
"AMB203","2023-01-20","Pass","2024-02-06","","Canvey Commercial Testing","2023-01-20T15:36:00","Demo Admin"
"AMB153","2023-01-26","Pass","2024-02-11","","Essex Commercial MOT Centre","2023-01-26T14:45:00","Demo Admin"
"AMB268","2023-01-29","Pass","2024-02-12","Offside rear tyre worn close to legal limit","Canvey Commercial Testing","2023-01-29T08:21:00","Demo Admin"
"AMB223","2023-02-01","Pass","2024-02-03","Oil leak, but not excessive","Canvey Commercial Testing","2023-02-01T14:10:00","Demo Admin"
"AMB167","2023-02-08","Pass","2024-02-21","","Chelmsford Fleet Services","2023-02-08T15:02:00","Demo Admin"
"AMB265","2023-02-10","Pass","2024-02-18","Nearside front tyre worn close to legal limit","Canvey Commercial Testing","2023-02-10T15:28:00","Demo Admin"
"AMB199","2023-02-11","Pass","2024-02-13","Nearside front tyre worn close to legal limit","Southend Vehicle Test Centre","2023-02-11T11:02:00","Demo Admin"
"AMB165","2023-02-11","Pass","2024-02-21","Registration plate deteriorated but not likely to be misread","Chelmsford Fleet Services","2023-02-11T13:52:00","Demo Admin"
"AMB300","2023-02-11","Pass","2024-02-22","Minor windscreen damage outside driver's view","Chelmsford Fleet Services","2023-02-11T14:34:00","Demo Admin"
"AMB232","2023-02-12","Pass","2024-02-21","","Chelmsford Fleet Services","2023-02-12T08:16:00","Demo Admin"
"AMB132","2023-02-12","Pass","2024-02-12","Offside rear tyre worn close to legal limit","Canvey Commercial Testing","2023-02-12T13:52:00","Demo Admin"
"AMB163","2023-02-18","Pass","2024-02-23","Slight play in steering linkage","Canvey Commercial Testing","2023-02-18T12:43:00","Demo Admin"
"AMB141","2023-02-20","Pass","2024-02-22","Nearside front tyre worn close to legal limit","Southend Vehicle Test Centre","2023-02-20T13:36:00","Demo Admin"
"AMB124","2023-02-20","Pass","2024-03-07","Oil leak, but not excessive","Chelmsford Fleet Services","2023-02-20T14:24:00","Demo Admin"
"AMB238","2023-02-21","Pass","2024-03-03","Brake disc worn but not seriously weakened","Essex Commercial MOT Centre","2023-02-21T08:29:00","Demo Admin"
"AMB218","2023-02-22","Pass","2024-03-05","Minor windscreen damage outside driver's view","Canvey Commercial Testing","2023-02-22T12:53:00","Demo Admin"
"AMB254","2023-02-24","Pass","2024-03-05","Offside rear tyre worn close to legal limit","Canvey Commercial Testing","2023-02-24T12:18:00","Demo Admin"
"AMB280","2023-02-24","Pass","2024-03-09","","Essex Commercial MOT Centre","2023-02-24T15:41:00","Demo Admin"
"AMB169","2023-02-27","Pass","2024-03-06","","Essex Commercial MOT Centre","2023-02-27T14:16:00","Demo Admin"
"AMB110","2023-02-28","Pass","2024-03-16","Minor windscreen damage outside driver's view","Canvey Commercial Testing","2023-02-28T10:30:00","Demo Admin"
"AMB137","2023-02-28","Pass","2024-03-07","","Chelmsford Fleet Services","2023-02-28T12:26:00","Demo Admin"
"AMB231","2023-03-02","Pass","2024-03-04","","Canvey Commercial Testing","2023-03-02T16:13:00","Demo Admin"
"AMB214","2023-03-03","Pass","2024-03-07","","Chelmsford Fleet Services","2023-03-03T09:42:00","Demo Admin"
"AMB211","2023-03-08","Pass","2024-03-23","Minor windscreen damage outside driver's view","Chelmsford Fleet Services","2023-03-08T11:46:00","Demo Admin"
"AMB287","2023-03-08","Pass","2024-03-15","Offside rear tyre worn close to legal limit","Canvey Commercial Testing","2023-03-08T15:39:00","Demo Admin"
"AMB179","2023-03-10","Pass","2024-03-14","","Canvey Commercial Testing","2023-03-10T09:41:00","Demo Admin"
"AMB133","2023-03-10","Pass","2024-03-20","Brake disc worn but not seriously weakened","Southend Vehicle Test Centre","2023-03-10T12:21:00","Demo Admin"
"AMB258","2023-03-18","Pass","2024-03-25","Minor windscreen damage outside driver's view","Canvey Commercial Testing","2023-03-18T11:09:00","Demo Admin"
"AMB227","2023-03-21","Pass","2024-04-06","Registration plate deteriorated but not likely to be misread","Chelmsford Fleet Services","2023-03-21T10:05:00","Demo Admin"
"AMB273","2023-03-24","Pass","2024-04-07","Registration plate deteriorated but not likely to be misread","Canvey Commercial Testing","2023-03-24T14:10:00","Demo Admin"
"AMB272","2023-03-25","Pass","2024-04-11","Brake disc worn but not seriously weakened","Canvey Commercial Testing","2023-03-25T09:19:00","Demo Admin"
"AMB216","2023-03-27","Pass","2024-04-13","Slight play in steering linkage","Southend Vehicle Test Centre","2023-03-27T12:12:00","Demo Admin"
"AMB250","2023-03-27","Pass","2024-04-06","Slight play in steering linkage","Essex Commercial MOT Centre","2023-03-27T14:36:00","Demo Admin"
"AMB127","2023-03-28","Pass","2024-04-09","Minor windscreen damage outside driver's view","Canvey Commercial Testing","2023-03-28T11:35:00","Demo Admin"
"AMB136","2023-04-01","Pass","2024-04-11","Registration plate deteriorated but not likely to be misread","Canvey Commercial Testing","2023-04-01T14:31:00","Demo Admin"
"AMB117","2023-04-02","Pass","2024-04-14","Oil leak, but not excessive","Chelmsford Fleet Services","2023-04-02T08:59:00","Demo Admin"
"AMB240","2023-04-06","Pass","2024-04-20","Brake disc worn but not seriously weakened","Essex Commercial MOT Centre","2023-04-06T14:20:00","Demo Admin"
"AMB182","2023-04-06","Pass","2024-04-07","Offside rear tyre worn close to legal limit","Chelmsford Fleet Services","2023-04-06T15:54:00","Demo Admin"
"AMB241","2023-04-07","Pass","2024-04-24","","Chelmsford Fleet Services","2023-04-07T10:44:00","Demo Admin"
"AMB230","2023-04-07","Pass","2024-04-15","Slight play in steering linkage","Chelmsford Fleet Services","2023-04-07T11:09:00","Demo Admin"
"AMB193","2023-04-10","Pass","2024-04-24","","Southend Vehicle Test Centre","2023-04-10T09:35:00","Demo Admin"
"AMB142","2023-04-11","Pass","2024-04-16","Slight play in steering linkage","Essex Commercial MOT Centre","2023-04-11T10:40:00","Demo Admin"
"AMB150","2023-04-20","Pass","2024-05-07","","Chelmsford Fleet Services","2023-04-20T09:21:00","Demo Admin"
"AMB154","2023-04-24","Pass","2024-05-07","","Canvey Commercial Testing","2023-04-24T08:50:00","Demo Admin"
"AMB245","2023-04-26","Pass","2024-05-03","","Canvey Commercial Testing","2023-04-26T14:57:00","Demo Admin"
"AMB188","2023-04-29","Pass","2024-05-12","Slight play in steering linkage","Southend Vehicle Test Centre","2023-04-29T11:08:00","Demo Admin"
"AMB170","2023-04-30","Pass","2024-05-17","Registration plate deteriorated but not likely to be misread","Canvey Commercial Testing","2023-04-30T08:46:00","Demo Admin"
"AMB289","2023-05-05","Pass","2024-05-14","Offside rear tyre worn close to legal limit","Chelmsford Fleet Services","2023-05-05T09:32:00","Demo Admin"
"AMB125","2023-05-07","Pass","2024-05-14","Nearside front tyre worn close to legal limit","Essex Commercial MOT Centre","2023-05-07T10:55:00","Demo Admin"
"AMB219","2023-05-09","Pass","2024-05-16","","Canvey Commercial Testing","2023-05-09T16:09:00","Demo Admin"
"AMB107","2023-05-09","Pass","2024-05-23","Oil leak, but not excessive","Chelmsford Fleet Services","2023-05-09T16:49:00","Demo Admin"
"AMB262","2023-05-11","Pass","2024-05-18","","Southend Vehicle Test Centre","2023-05-11T10:59:00","Demo Admin"
"AMB207","2023-05-11","Pass","2024-05-24","Brake disc worn but not seriously weakened","Essex Commercial MOT Centre","2023-05-11T13:46:00","Demo Admin"
"AMB282","2023-05-12","Pass","2024-05-24","Slight play in steering linkage","Chelmsford Fleet Services","2023-05-12T09:57:00","Demo Admin"
"AMB189","2023-05-16","Pass","2024-05-18","Brake disc worn but not seriously weakened","Canvey Commercial Testing","2023-05-16T10:49:00","Demo Admin"
"AMB105","2023-05-16","Pass","2024-05-25","","Chelmsford Fleet Services","2023-05-16T14:08:00","Demo Admin"
"AMB243","2023-05-24","Pass","2024-06-10","Brake disc worn but not seriously weakened","Southend Vehicle Test Centre","2023-05-24T13:17:00","Demo Admin"
"AMB149","2023-05-25","Pass","2024-06-04","","Chelmsford Fleet Services","2023-05-25T11:06:00","Demo Admin"
"AMB176","2023-05-28","Pass","2024-06-05","Registration plate deteriorated but not likely to be misread","Chelmsford Fleet Services","2023-05-28T08:19:00","Demo Admin"
"AMB281","2023-06-01","Pass","2024-06-03","Registration plate deteriorated but not likely to be misread","Canvey Commercial Testing","2023-06-01T10:40:00","Demo Admin"
"AMB101","2023-06-02","Pass","2024-06-16","Oil leak, but not excessive","Canvey Commercial Testing","2023-06-02T13:20:00","Demo Admin"
"AMB156","2023-06-03","Pass","2024-06-10","Minor windscreen damage outside driver's view","Canvey Commercial Testing","2023-06-03T09:26:00","Demo Admin"
"AMB294","2023-06-05","Pass","2024-06-21","Offside rear tyre worn close to legal limit","Canvey Commercial Testing","2023-06-05T16:32:00","Demo Admin"
"AMB190","2023-06-06","Pass","2024-06-11","Registration plate deteriorated but not likely to be misread","Canvey Commercial Testing","2023-06-06T09:43:00","Demo Admin"
"AMB288","2023-06-08","Pass","2024-06-18","Slight play in steering linkage","Canvey Commercial Testing","2023-06-08T11:04:00","Demo Admin"
"AMB175","2023-06-08","Pass","2024-06-17","Brake disc worn but not seriously weakened","Southend Vehicle Test Centre","2023-06-08T14:36:00","Demo Admin"
"AMB151","2023-06-09","Pass","2024-06-25","Nearside front tyre worn close to legal limit","Chelmsford Fleet Services","2023-06-09T10:25:00","Demo Admin"
"AMB276","2023-06-10","Pass","2024-06-20","Oil leak, but not excessive","Essex Commercial MOT Centre","2023-06-10T08:57:00","Demo Admin"
"AMB159","2023-06-12","Pass","2024-06-14","Oil leak, but not excessive","Canvey Commercial Testing","2023-06-12T10:05:00","Demo Admin"
"AMB112","2023-06-18","Pass","2024-06-18","Brake disc worn but not seriously weakened","Canvey Commercial Testing","2023-06-18T12:09:00","Demo Admin"
"AMB160","2023-06-18","Pass","2024-07-04","","Canvey Commercial Testing","2023-06-18T13:01:00","Demo Admin"
"AMB114","2023-06-23","Pass","2024-07-10","Nearside front tyre worn close to legal limit","Chelmsford Fleet Services","2023-06-23T13:15:00","Demo Admin"
"AMB264","2023-06-24","Pass","2024-07-10","Offside rear tyre worn close to legal limit","Canvey Commercial Testing","2023-06-24T10:01:00","Demo Admin"
"AMB172","2023-06-25","Pass","2024-07-08","Registration plate deteriorated but not likely to be misread","Chelmsford Fleet Services","2023-06-25T11:11:00","Demo Admin"
"AMB295","2023-06-25","Pass","2024-07-12","","Essex Commercial MOT Centre","2023-06-25T11:49:00","Demo Admin"
"AMB210","2023-06-25","Pass","2024-07-11","","Chelmsford Fleet Services","2023-06-25T14:22:00","Demo Admin"
"AMB239","2023-06-28","Pass","2024-07-14","","Chelmsford Fleet Services","2023-06-28T13:37:00","Demo Admin"
"AMB115","2023-06-29","Pass","2024-07-13","Oil leak, but not excessive","Essex Commercial MOT Centre","2023-06-29T14:22:00","Demo Admin"
"AMB164","2023-06-30","Pass","2024-07-14","Brake disc worn but not seriously weakened","Southend Vehicle Test Centre","2023-06-30T08:11:00","Demo Admin"
"AMB180","2023-07-02","Pass","2024-07-14","Brake disc worn but not seriously weakened","Essex Commercial MOT Centre","2023-07-02T09:24:00","Demo Admin"
"AMB102","2023-07-02","Pass","2024-07-07","Registration plate deteriorated but not likely to be misread","Canvey Commercial Testing","2023-07-02T09:48:00","Demo Admin"
"AMB187","2023-07-03","Pass","2024-07-08","Offside rear tyre worn close to legal limit","Southend Vehicle Test Centre","2023-07-03T09:19:00","Demo Admin"
"AMB181","2023-07-05","Pass","2024-07-08","Brake disc worn but not seriously weakened","Canvey Commercial Testing","2023-07-05T12:16:00","Demo Admin"
"AMB120","2023-07-06","Pass","2024-07-12","Slight play in steering linkage","Canvey Commercial Testing","2023-07-06T12:03:00","Demo Admin"
"AMB298","2023-07-06","Pass","2024-07-08","","Southend Vehicle Test Centre","2023-07-06T13:56:00","Demo Admin"
"AMB292","2023-07-09","Pass","2024-07-14","Oil leak, but not excessive","Canvey Commercial Testing","2023-07-09T13:40:00","Demo Admin"
"AMB198","2023-07-10","Pass","2024-07-21","","Canvey Commercial Testing","2023-07-10T09:20:00","Demo Admin"
"AMB267","2023-07-11","Pass","2024-07-21","","Southend Vehicle Test Centre","2023-07-11T11:09:00","Demo Admin"
"AMB130","2023-07-12","Pass","2024-07-15","","Essex Commercial MOT Centre","2023-07-12T16:16:00","Demo Admin"
"AMB206","2023-07-15","Pass","2024-07-23","Registration plate deteriorated but not likely to be misread","Southend Vehicle Test Centre","2023-07-15T16:09:00","Demo Admin"
"AMB205","2023-07-16","Pass","2024-07-22","Offside rear tyre worn close to legal limit","Essex Commercial MOT Centre","2023-07-16T08:17:00","Demo Admin"
"AMB138","2023-07-16","Pass","2024-07-21","Minor windscreen damage outside driver's view","Chelmsford Fleet Services","2023-07-16T10:54:00","Demo Admin"
"AMB144","2023-07-17","Pass","2024-07-21","","Southend Vehicle Test Centre","2023-07-17T15:43:00","Demo Admin"
"AMB106","2023-07-20","Pass","2024-07-21","Slight play in steering linkage","Essex Commercial MOT Centre","2023-07-20T09:35:00","Demo Admin"
"AMB157","2023-07-21","Pass","2024-07-28","","Southend Vehicle Test Centre","2023-07-21T11:52:00","Demo Admin"
"AMB196","2023-07-21","Pass","2024-07-28","Registration plate deteriorated but not likely to be misread","Chelmsford Fleet Services","2023-07-21T15:06:00","Demo Admin"
"AMB217","2023-07-23","Pass","2024-07-24","","Essex Commercial MOT Centre","2023-07-23T11:50:00","Demo Admin"
"AMB242","2023-07-23","Pass","2024-07-28","Brake disc worn but not seriously weakened","Essex Commercial MOT Centre","2023-07-23T12:23:00","Demo Admin"
"AMB285","2023-07-23","Pass","2024-08-09","Nearside front tyre worn close to legal limit","Chelmsford Fleet Services","2023-07-23T13:13:00","Demo Admin"
"AMB161","2023-07-24","Pass","2024-08-03","","Chelmsford Fleet Services","2023-07-24T08:42:00","Demo Admin"
"AMB278","2023-07-24","Pass","2024-08-08","Offside rear tyre worn close to legal limit","Essex Commercial MOT Centre","2023-07-24T11:36:00","Demo Admin"
"AMB247","2023-07-24","Pass","2024-08-09","Brake disc worn but not seriously weakened","Southend Vehicle Test Centre","2023-07-24T14:35:00","Demo Admin"
"AMB246","2023-07-25","Pass","2024-08-09","","Canvey Commercial Testing","2023-07-25T09:12:00","Demo Admin"
"AMB279","2023-07-26","Pass","2024-08-03","","Southend Vehicle Test Centre","2023-07-26T16:02:00","Demo Admin"
"AMB248","2023-07-27","Pass","2024-08-07","Nearside front tyre worn close to legal limit","Canvey Commercial Testing","2023-07-27T10:56:00","Demo Admin"
"AMB140","2023-07-27","Pass","2024-08-06","Offside rear tyre worn close to legal limit","Southend Vehicle Test Centre","2023-07-27T12:57:00","Demo Admin"
"AMB186","2023-07-29","Pass","2024-08-03","","Essex Commercial MOT Centre","2023-07-29T13:13:00","Demo Admin"
"AMB244","2023-08-01","Pass","2024-08-18","","Chelmsford Fleet Services","2023-08-01T16:07:00","Demo Admin"
"AMB197","2023-08-02","Pass","2024-08-18","Registration plate deteriorated but not likely to be misread","Canvey Commercial Testing","2023-08-02T10:51:00","Demo Admin"
"AMB221","2023-08-04","Pass","2024-08-04","","Canvey Commercial Testing","2023-08-04T14:28:00","Demo Admin"
"AMB178","2023-08-07","Pass","2024-08-16","Minor windscreen damage outside driver's view","Chelmsford Fleet Services","2023-08-07T13:26:00","Demo Admin"
"AMB108","2023-08-15","Pass","2024-08-20","Oil leak, but not excessive","Canvey Commercial Testing","2023-08-15T11:47:00","Demo Admin"
"AMB220","2023-08-15","Pass","2024-08-19","","Chelmsford Fleet Services","2023-08-15T13:32:00","Demo Admin"
"AMB123","2023-08-17","Pass","2024-08-19","Slight play in steering linkage","Canvey Commercial Testing","2023-08-17T11:11:00","Demo Admin"
"AMB293","2023-08-22","Pass","2024-09-05","","Essex Commercial MOT Centre","2023-08-22T13:01:00","Demo Admin"
"AMB111","2023-08-25","Pass","2024-08-25","Slight play in steering linkage","Chelmsford Fleet Services","2023-08-25T13:02:00","Demo Admin"
"AMB162","2023-08-26","Pass","2024-09-03","Minor windscreen damage outside driver's view","Southend Vehicle Test Centre","2023-08-26T09:30:00","Demo Admin"
"AMB202","2023-08-27","Pass","2024-09-06","Registration plate deteriorated but not likely to be misread","Canvey Commercial Testing","2023-08-27T13:16:00","Demo Admin"
"AMB166","2023-08-29","Pass","2024-09-15","Registration plate deteriorated but not likely to be misread","Essex Commercial MOT Centre","2023-08-29T15:22:00","Demo Admin"
"AMB121","2023-08-29","Pass","2024-09-12","Brake disc worn but not seriously weakened","Essex Commercial MOT Centre","2023-08-29T15:34:00","Demo Admin"
"AMB252","2023-08-30","Pass","2024-09-09","Registration plate deteriorated but not likely to be misread","Southend Vehicle Test Centre","2023-08-30T13:11:00","Demo Admin"
"AMB236","2023-09-05","Pass","2024-09-21","Offside rear tyre worn close to legal limit","Essex Commercial MOT Centre","2023-09-05T15:38:00","Demo Admin"
"AMB261","2023-09-06","Pass","2024-09-13","Offside rear tyre worn close to legal limit","Chelmsford Fleet Services","2023-09-06T15:09:00","Demo Admin"
"AMB296","2023-09-09","Pass","2024-09-24","","Canvey Commercial Testing","2023-09-09T16:45:00","Demo Admin"
"AMB233","2023-09-10","Pass","2024-09-10","Nearside front tyre worn close to legal limit","Essex Commercial MOT Centre","2023-09-10T09:05:00","Demo Admin"
"AMB177","2023-09-16","Pass","2024-09-19","Offside rear tyre worn close to legal limit","Chelmsford Fleet Services","2023-09-16T08:22:00","Demo Admin"
"AMB260","2023-09-16","Pass","2024-09-25","Offside rear tyre worn close to legal limit","Canvey Commercial Testing","2023-09-16T11:00:00","Demo Admin"
"AMB129","2023-09-17","Pass","2024-09-25","Registration plate deteriorated but not likely to be misread","Chelmsford Fleet Services","2023-09-17T12:55:00","Demo Admin"
"AMB228","2023-09-24","Pass","2024-09-25","Nearside front tyre worn close to legal limit","Canvey Commercial Testing","2023-09-24T09:17:00","Demo Admin"
"AMB212","2023-09-25","Pass","2024-10-03","Nearside front tyre worn close to legal limit","Canvey Commercial Testing","2023-09-25T12:16:00","Demo Admin"
"AMB255","2023-09-30","Pass","2024-10-07","","Chelmsford Fleet Services","2023-09-30T09:34:00","Demo Admin"
"AMB194","2023-10-02","Pass","2024-10-09","Registration plate deteriorated but not likely to be misread","Essex Commercial MOT Centre","2023-10-02T10:13:00","Demo Admin"
"AMB213","2023-10-03","Pass","2024-10-15","Brake disc worn but not seriously weakened","Chelmsford Fleet Services","2023-10-03T12:51:00","Demo Admin"
"AMB126","2023-10-04","Pass","2024-10-16","Registration plate deteriorated but not likely to be misread","Canvey Commercial Testing","2023-10-04T08:35:00","Demo Admin"
"AMB200","2023-10-04","Pass","2024-10-06","","Chelmsford Fleet Services","2023-10-04T14:06:00","Demo Admin"
"AMB235","2023-10-04","Pass","2024-10-08","Offside rear tyre worn close to legal limit","Southend Vehicle Test Centre","2023-10-04T16:37:00","Demo Admin"
"AMB225","2023-10-10","Pass","2024-10-17","Slight play in steering linkage","Chelmsford Fleet Services","2023-10-10T10:21:00","Demo Admin"
"AMB269","2023-10-11","Pass","2024-10-11","","Canvey Commercial Testing","2023-10-11T13:28:00","Demo Admin"
"AMB183","2023-10-12","Pass","2024-10-16","Registration plate deteriorated but not likely to be misread","Chelmsford Fleet Services","2023-10-12T13:00:00","Demo Admin"
"AMB229","2023-10-12","Pass","2024-10-24","Minor windscreen damage outside driver's view","Canvey Commercial Testing","2023-10-12T14:08:00","Demo Admin"
"AMB122","2023-10-16","Pass","2024-10-20","Nearside front tyre worn close to legal limit","Canvey Commercial Testing","2023-10-16T12:43:00","Demo Admin"
"AMB103","2023-10-17","Pass","2024-10-24","","Canvey Commercial Testing","2023-10-17T08:15:00","Demo Admin"
"AMB290","2023-10-21","Pass","2024-11-03","","Chelmsford Fleet Services","2023-10-21T10:22:00","Demo Admin"
"AMB143","2023-10-22","Pass","2024-10-23","Registration plate deteriorated but not likely to be misread","Southend Vehicle Test Centre","2023-10-22T08:39:00","Demo Admin"
"AMB283","2023-10-24","Pass","2024-11-07","Nearside front tyre worn close to legal limit","Essex Commercial MOT Centre","2023-10-24T08:26:00","Demo Admin"
"AMB134","2023-10-27","Pass","2024-11-05","","Canvey Commercial Testing","2023-10-27T09:01:00","Demo Admin"
"AMB185","2023-10-27","Pass","2024-11-11","Offside rear tyre worn close to legal limit","Canvey Commercial Testing","2023-10-27T11:38:00","Demo Admin"
"AMB299","2023-10-27","Pass","2024-11-09","Offside rear tyre worn close to legal limit","Southend Vehicle Test Centre","2023-10-27T16:28:00","Demo Admin"
"AMB215","2023-10-30","Pass","2024-11-11","","Chelmsford Fleet Services","2023-10-30T11:28:00","Demo Admin"
"AMB224","2023-10-30","Pass","2024-11-09","Nearside front tyre worn close to legal limit","Essex Commercial MOT Centre","2023-10-30T12:32:00","Demo Admin"
"AMB116","2023-10-31","Pass","2024-11-12","Offside rear tyre worn close to legal limit","Chelmsford Fleet Services","2023-10-31T11:10:00","Demo Admin"
"AMB113","2023-11-02","Pass","2024-11-03","Slight play in steering linkage","Canvey Commercial Testing","2023-11-02T13:01:00","Demo Admin"
"AMB201","2023-11-03","Pass","2024-11-19","Oil leak, but not excessive","Canvey Commercial Testing","2023-11-03T10:07:00","Demo Admin"
"AMB128","2023-11-04","Pass","2024-11-17","","Southend Vehicle Test Centre","2023-11-04T15:51:00","Demo Admin"
"AMB237","2023-11-06","Pass","2024-11-10","","Canvey Commercial Testing","2023-11-06T08:08:00","Demo Admin"
"AMB155","2023-11-06","Pass","2024-11-08","Oil leak, but not excessive","Chelmsford Fleet Services","2023-11-06T12:44:00","Demo Admin"
"AMB192","2023-11-06","Pass","2024-11-13","","Canvey Commercial Testing","2023-11-06T15:19:00","Demo Admin"
"AMB104","2023-11-07","Pass","2024-11-08","","Essex Commercial MOT Centre","2023-11-07T09:04:00","Demo Admin"
"AMB209","2023-11-07","Pass","2024-11-13","Brake disc worn but not seriously weakened","Essex Commercial MOT Centre","2023-11-07T11:05:00","Demo Admin"
"AMB174","2023-11-10","Pass","2024-11-16","Slight play in steering linkage","Canvey Commercial Testing","2023-11-10T11:11:00","Demo Admin"
"AMB148","2023-11-10","Pass","2024-11-20","Offside rear tyre worn close to legal limit","Canvey Commercial Testing","2023-11-10T13:02:00","Demo Admin"
"AMB234","2023-11-11","Pass","2024-11-17","Oil leak, but not excessive","Southend Vehicle Test Centre","2023-11-11T12:24:00","Demo Admin"
"AMB291","2023-11-13","Pass","2024-11-18","Brake disc worn but not seriously weakened","Essex Commercial MOT Centre","2023-11-13T13:10:00","Demo Admin"
"AMB271","2023-11-13","Pass","2024-11-19","","Chelmsford Fleet Services","2023-11-13T14:41:00","Demo Admin"
"AMB152","2023-11-14","Pass","2024-11-21","","Essex Commercial MOT Centre","2023-11-14T10:42:00","Demo Admin"
"AMB222","2023-11-16","Pass","2024-11-17","Registration plate deteriorated but not likely to be misread","Canvey Commercial Testing","2023-11-16T11:25:00","Demo Admin"
"AMB257","2023-11-16","Pass","2024-11-25","Brake disc worn but not seriously weakened","Southend Vehicle Test Centre","2023-11-16T16:47:00","Demo Admin"
"AMB131","2023-11-17","Pass","2024-12-03","Slight play in steering linkage","Essex Commercial MOT Centre","2023-11-17T13:14:00","Demo Admin"
"AMB275","2023-11-17","Pass","2024-11-24","Slight play in steering linkage","Essex Commercial MOT Centre","2023-11-17T13:37:00","Demo Admin"
"AMB226","2023-11-18","Pass","2024-12-05","Oil leak, but not excessive","Canvey Commercial Testing","2023-11-18T09:32:00","Demo Admin"
"AMB204","2023-11-18","Pass","2024-11-25","","Southend Vehicle Test Centre","2023-11-18T12:49:00","Demo Admin"
"AMB168","2023-11-18","Pass","2024-11-21","Oil leak, but not excessive","Canvey Commercial Testing","2023-11-18T16:33:00","Demo Admin"
"AMB146","2023-11-19","Pass","2024-12-06","Slight play in steering linkage","Essex Commercial MOT Centre","2023-11-19T13:46:00","Demo Admin"
"AMB259","2023-11-19","Pass","2024-11-25","Minor windscreen damage outside driver's view","Essex Commercial MOT Centre","2023-11-19T15:41:00","Demo Admin"
"AMB274","2023-11-19","Pass","2024-11-21","Oil leak, but not excessive","Canvey Commercial Testing","2023-11-19T16:49:00","Demo Admin"
"AMB249","2023-11-29","Pass","2024-12-14","Registration plate deteriorated but not likely to be misread","Canvey Commercial Testing","2023-11-29T13:19:00","Demo Admin"
"AMB109","2023-12-01","Pass","2024-12-11","Slight play in steering linkage","Canvey Commercial Testing","2023-12-01T16:36:00","Demo Admin"
"AMB266","2023-12-04","Pass","2024-12-05","","Essex Commercial MOT Centre","2023-12-04T10:40:00","Demo Admin"
"AMB256","2023-12-05","Pass","2024-12-05","Minor windscreen damage outside driver's view","Canvey Commercial Testing","2023-12-05T15:33:00","Demo Admin"
"AMB208","2023-12-07","Pass","2024-12-15","Brake disc worn but not seriously weakened","Chelmsford Fleet Services","2023-12-07T10:11:00","Demo Admin"
"AMB139","2023-12-09","Pass","2024-12-22","Registration plate deteriorated but not likely to be misread","Canvey Commercial Testing","2023-12-09T08:12:00","Demo Admin"
"AMB277","2023-12-09","Pass","2024-12-22","","Southend Vehicle Test Centre","2023-12-09T16:23:00","Demo Admin"
"AMB195","2023-12-09","Pass","2024-12-18","Offside rear tyre worn close to legal limit","Southend Vehicle Test Centre","2023-12-09T16:52:00","Demo Admin"
"AMB253","2023-12-11","Pass","2024-12-21","Minor windscreen damage outside driver's view","Canvey Commercial Testing","2023-12-11T12:57:00","Demo Admin"
"AMB251","2023-12-19","Pass","2024-12-24","Nearside front tyre worn close to legal limit","Chelmsford Fleet Services","2023-12-19T08:31:00","Demo Admin"
"AMB173","2023-12-21","Pass","2025-01-07","Oil leak, but not excessive","Canvey Commercial Testing","2023-12-21T15:22:00","Demo Admin"
"AMB158","2023-12-22","Pass","2025-01-07","Registration plate deteriorated but not likely to be misread","Canvey Commercial Testing","2023-12-22T13:54:00","Demo Admin"
"AMB263","2023-12-24","Pass","2025-01-03","Oil leak, but not excessive","Canvey Commercial Testing","2023-12-24T12:21:00","Demo Admin"
"AMB135","2023-12-25","Pass","2025-01-08","Oil leak, but not excessive","Chelmsford Fleet Services","2023-12-25T10:17:00","Demo Admin"
"AMB119","2023-12-26","Pass","2025-01-11","Slight play in steering linkage","Southend Vehicle Test Centre","2023-12-26T11:05:00","Demo Admin"
"AMB145","2023-12-29","Pass","2025-01-03","","Chelmsford Fleet Services","2023-12-29T14:59:00","Demo Admin"
"AMB297","2023-12-29","Pass","2025-01-14","","Canvey Commercial Testing","2023-12-29T15:21:00","Demo Admin"
"AMB147","2024-01-01","Pass","2025-01-07","","Chelmsford Fleet Services","2024-01-01T12:42:00","Demo Admin"
"AMB171","2024-01-02","Pass","2025-01-17","Nearside front tyre worn close to legal limit","Chelmsford Fleet Services","2024-01-02T15:02:00","Demo Admin"
"AMB118","2024-01-02","Pass","2025-01-07","Offside rear tyre worn close to legal limit","Essex Commercial MOT Centre","2024-01-02T16:38:00","Demo Admin"
"AMB184","2024-01-06","Pass","2025-01-23","Slight play in steering linkage","Essex Commercial MOT Centre","2024-01-06T12:36:00","Demo Admin"
"AMB191","2024-01-07","Pass","2025-01-24","Minor windscreen damage outside driver's view","Southend Vehicle Test Centre","2024-01-07T09:08:00","Demo Admin"
"AMB270","2024-01-08","Pass","2025-01-17","Slight play in steering linkage","Canvey Commercial Testing","2024-01-08T16:54:00","Demo Admin"
"AMB286","2024-01-09","Pass","2025-01-25","","Canvey Commercial Testing","2024-01-09T10:21:00","Demo Admin"
"AMB284","2024-01-15","Pass","2025-01-16","","Canvey Commercial Testing","2024-01-15T08:58:00","Demo Admin"
"AMB132","2024-01-27","Pass","2025-02-12","","Canvey Commercial Testing","2024-01-27T10:26:00","Demo Admin"
"AMB223","2024-01-28","Pass","2025-02-03","Nearside front tyre worn close to legal limit","Canvey Commercial Testing","2024-01-28T09:32:00","Demo Admin"
"AMB203","2024-01-29","Pass","2025-02-06","Slight play in steering linkage","Canvey Commercial Testing","2024-01-29T08:50:00","Demo Admin"
"AMB265","2024-02-02","Pass","2025-02-18","Minor windscreen damage outside driver's view","Canvey Commercial Testing","2024-02-02T13:46:00","Demo Admin"
"AMB153","2024-02-03","Pass","2025-02-11","","Canvey Commercial Testing","2024-02-03T12:00:00","Demo Admin"
"AMB165","2024-02-08","Pass","2025-02-21","Offside rear tyre worn close to legal limit","Chelmsford Fleet Services","2024-02-08T12:10:00","Demo Admin"
"AMB268","2024-02-09","Pass","2025-02-12","Slight play in steering linkage","Canvey Commercial Testing","2024-02-09T13:47:00","Demo Admin"
"AMB167","2024-02-10","Pass","2025-02-21","Slight play in steering linkage","Chelmsford Fleet Services","2024-02-10T13:28:00","Demo Admin"
"AMB199","2024-02-11","Pass","2025-02-13","Slight play in steering linkage","Southend Vehicle Test Centre","2024-02-11T15:12:00","Demo Admin"
"AMB300","2024-02-13","Pass","2025-02-22","","Chelmsford Fleet Services","2024-02-13T16:39:00","Demo Admin"
"AMB232","2024-02-17","Pass","2025-02-21","","Chelmsford Fleet Services","2024-02-17T12:26:00","Demo Admin"
"AMB141","2024-02-17","Pass","2025-02-22","","Southend Vehicle Test Centre","2024-02-17T13:59:00","Demo Admin"
"AMB163","2024-02-18","Pass","2025-02-23","","Essex Commercial MOT Centre","2024-02-18T12:45:00","Demo Admin"
"AMB280","2024-02-21","Pass","2025-03-09","","Southend Vehicle Test Centre","2024-02-21T13:56:00","Demo Admin"
"AMB231","2024-02-21","Pass","2025-03-04","Nearside front tyre worn close to legal limit","Canvey Commercial Testing","2024-02-21T16:07:00","Demo Admin"
"AMB218","2024-02-24","Pass","2025-03-05","Nearside front tyre worn close to legal limit","Canvey Commercial Testing","2024-02-24T14:55:00","Demo Admin"
"AMB124","2024-02-25","Pass","2025-03-07","Minor windscreen damage outside driver's view","Chelmsford Fleet Services","2024-02-25T15:16:00","Demo Admin"
"AMB110","2024-02-28","Pass","2025-03-16","Offside rear tyre worn close to legal limit","Canvey Commercial Testing","2024-02-28T13:32:00","Demo Admin"
"AMB287","2024-03-01","Pass","2025-03-15","Slight play in steering linkage","Canvey Commercial Testing","2024-03-01T09:21:00","Demo Admin"
"AMB238","2024-03-02","Pass","2025-03-03","Registration plate deteriorated but not likely to be misread","Canvey Commercial Testing","2024-03-02T14:08:00","Demo Admin"
"AMB169","2024-03-03","Pass","2025-03-06","Oil leak, but not excessive","Essex Commercial MOT Centre","2024-03-03T15:40:00","Demo Admin"
"AMB214","2024-03-03","Pass","2025-03-07","","Chelmsford Fleet Services","2024-03-03T15:48:00","Demo Admin"
"AMB254","2024-03-05","Pass","2025-03-05","Registration plate deteriorated but not likely to be misread","Canvey Commercial Testing","2024-03-05T13:01:00","Demo Admin"
"AMB179","2024-03-06","Pass","2025-03-14","Brake disc worn but not seriously weakened","Essex Commercial MOT Centre","2024-03-06T16:42:00","Demo Admin"
"AMB137","2024-03-07","Pass","2025-03-07","Slight play in steering linkage","Essex Commercial MOT Centre","2024-03-07T09:50:00","Demo Admin"
"AMB258","2024-03-19","Pass","2025-03-25","","Canvey Commercial Testing","2024-03-19T08:01:00","Demo Admin"
"AMB211","2024-03-19","Pass","2025-03-23","Offside rear tyre worn close to legal limit","Chelmsford Fleet Services","2024-03-19T15:09:00","Demo Admin"
"AMB133","2024-03-20","Pass","2025-03-20","Nearside front tyre worn close to legal limit","Essex Commercial MOT Centre","2024-03-20T12:08:00","Demo Admin"
"AMB227","2024-03-23","Pass","2025-04-06","Oil leak, but not excessive","Chelmsford Fleet Services","2024-03-23T09:00:00","Demo Admin"
"AMB127","2024-03-26","Pass","2025-04-09","Oil leak, but not excessive","Canvey Commercial Testing","2024-03-26T08:46:00","Demo Admin"
"AMB182","2024-03-26","Pass","2025-04-07","Minor windscreen damage outside driver's view","Essex Commercial MOT Centre","2024-03-26T13:51:00","Demo Admin"
"AMB136","2024-03-29","Pass","2025-04-11","Registration plate deteriorated but not likely to be misread","Canvey Commercial Testing","2024-03-29T15:20:00","Demo Admin"
"AMB250","2024-03-31","Pass","2025-04-06","Oil leak, but not excessive","Canvey Commercial Testing","2024-03-31T10:36:00","Demo Admin"
"AMB117","2024-04-01","Pass","2025-04-14","","Chelmsford Fleet Services","2024-04-01T08:35:00","Demo Admin"
"AMB230","2024-04-02","Pass","2025-04-15","Brake disc worn but not seriously weakened","Chelmsford Fleet Services","2024-04-02T08:10:00","Demo Admin"
"AMB142","2024-04-03","Pass","2025-04-16","Nearside front tyre worn close to legal limit","Canvey Commercial Testing","2024-04-03T12:23:00","Demo Admin"
"AMB240","2024-04-05","Pass","2025-04-20","Minor windscreen damage outside driver's view","Canvey Commercial Testing","2024-04-05T13:34:00","Demo Admin"
"AMB273","2024-04-05","Pass","2025-04-07","Offside rear tyre worn close to legal limit","Essex Commercial MOT Centre","2024-04-05T15:46:00","Demo Admin"
"AMB216","2024-04-07","Pass","2025-04-13","Brake disc worn but not seriously weakened","Southend Vehicle Test Centre","2024-04-07T14:38:00","Demo Admin"
"AMB272","2024-04-11","Pass","2025-04-11","","Canvey Commercial Testing","2024-04-11T14:40:00","Demo Admin"
"AMB193","2024-04-14","Pass","2025-04-24","Oil leak, but not excessive","Essex Commercial MOT Centre","2024-04-14T15:58:00","Demo Admin"
"AMB241","2024-04-21","Pass","2025-04-24","Slight play in steering linkage","Essex Commercial MOT Centre","2024-04-21T14:01:00","Demo Admin"
"AMB245","2024-04-23","Pass","2025-05-03","Registration plate deteriorated but not likely to be misread","Canvey Commercial Testing","2024-04-23T12:48:00","Demo Admin"
"AMB188","2024-04-25","Pass","2025-05-12","Brake disc worn but not seriously weakened","Essex Commercial MOT Centre","2024-04-25T09:05:00","Demo Admin"
"AMB150","2024-04-27","Pass","2025-05-07","","Chelmsford Fleet Services","2024-04-27T15:56:00","Demo Admin"
"AMB289","2024-04-29","Pass","2025-05-14","Oil leak, but not excessive","Chelmsford Fleet Services","2024-04-29T10:40:00","Demo Admin"
"AMB219","2024-05-01","Pass","2025-05-16","","Canvey Commercial Testing","2024-05-01T09:29:00","Demo Admin"
"AMB170","2024-05-03","Pass","2025-05-17","","Essex Commercial MOT Centre","2024-05-03T16:26:00","Demo Admin"
"AMB154","2024-05-05","Pass","2025-05-07","Nearside front tyre worn close to legal limit","Essex Commercial MOT Centre","2024-05-05T13:44:00","Demo Admin"
"AMB282","2024-05-09","Pass","2025-05-24","Brake disc worn but not seriously weakened","Chelmsford Fleet Services","2024-05-09T10:14:00","Demo Admin"
"AMB125","2024-05-13","Pass","2025-05-14","Slight play in steering linkage","Canvey Commercial Testing","2024-05-13T12:07:00","Demo Admin"
"AMB207","2024-05-13","Pass","2025-05-24","Nearside front tyre worn close to legal limit","Essex Commercial MOT Centre","2024-05-13T16:07:00","Demo Admin"
"AMB189","2024-05-15","Pass","2025-05-18","Nearside front tyre worn close to legal limit","Canvey Commercial Testing","2024-05-15T10:45:00","Demo Admin"
"AMB262","2024-05-15","Pass","2025-05-18","Oil leak, but not excessive","Southend Vehicle Test Centre","2024-05-15T16:31:00","Demo Admin"
"AMB107","2024-05-19","Pass","2025-05-23","Oil leak, but not excessive","Essex Commercial MOT Centre","2024-05-19T14:17:00","Demo Admin"
"AMB105","2024-05-25","Pass","2025-05-25","Registration plate deteriorated but not likely to be misread","Chelmsford Fleet Services","2024-05-25T12:02:00","Demo Admin"
"AMB176","2024-05-25","Pass","2025-06-05","Slight play in steering linkage","Chelmsford Fleet Services","2024-05-25T16:26:00","Demo Admin"
"AMB156","2024-05-26","Pass","2025-06-10","Brake disc worn but not seriously weakened","Canvey Commercial Testing","2024-05-26T09:02:00","Demo Admin"
"AMB281","2024-05-29","Pass","2025-06-03","Offside rear tyre worn close to legal limit","Essex Commercial MOT Centre","2024-05-29T14:01:00","Demo Admin"
"AMB243","2024-06-01","Pass","2025-06-10","Brake disc worn but not seriously weakened","Southend Vehicle Test Centre","2024-06-01T14:46:00","Demo Admin"
"AMB190","2024-06-02","Pass","2025-06-11","","Canvey Commercial Testing","2024-06-02T15:23:00","Demo Admin"
"AMB149","2024-06-04","Pass","2025-06-04","Registration plate deteriorated but not likely to be misread","Chelmsford Fleet Services","2024-06-04T09:28:00","Demo Admin"
"AMB112","2024-06-07","Pass","2025-06-18","Slight play in steering linkage","Essex Commercial MOT Centre","2024-06-07T09:12:00","Demo Admin"
"AMB294","2024-06-07","Pass","2025-06-21","Slight play in steering linkage","Essex Commercial MOT Centre","2024-06-07T13:04:00","Demo Admin"
"AMB159","2024-06-08","Pass","2025-06-14","Offside rear tyre worn close to legal limit","Canvey Commercial Testing","2024-06-08T14:17:00","Demo Admin"
"AMB175","2024-06-10","Pass","2025-06-17","Oil leak, but not excessive","Southend Vehicle Test Centre","2024-06-10T13:37:00","Demo Admin"
"AMB288","2024-06-14","Pass","2025-06-18","Slight play in steering linkage","Canvey Commercial Testing","2024-06-14T16:26:00","Demo Admin"
"AMB101","2024-06-16","Pass","2025-06-16","Offside rear tyre worn close to legal limit","Canvey Commercial Testing","2024-06-16T14:27:00","Demo Admin"
"AMB276","2024-06-19","Pass","2025-06-20","","Chelmsford Fleet Services","2024-06-19T08:31:00","Demo Admin"
"AMB187","2024-06-21","Pass","2025-07-08","","Essex Commercial MOT Centre","2024-06-21T08:35:00","Demo Admin"
"AMB172","2024-06-24","Pass","2025-07-08","Minor windscreen damage outside driver's view","Chelmsford Fleet Services","2024-06-24T12:34:00","Demo Admin"
"AMB151","2024-06-25","Pass","2025-06-25","Minor windscreen damage outside driver's view","Chelmsford Fleet Services","2024-06-25T16:11:00","Demo Admin"
"AMB130","2024-06-28","Pass","2025-07-15","Minor windscreen damage outside driver's view","Chelmsford Fleet Services","2024-06-28T11:07:00","Demo Admin"
"AMB160","2024-06-29","Pass","2025-07-04","Offside rear tyre worn close to legal limit","Canvey Commercial Testing","2024-06-29T12:51:00","Demo Admin"
"AMB114","2024-06-30","Pass","2025-07-10","","Chelmsford Fleet Services","2024-06-30T16:32:00","Demo Admin"
"AMB120","2024-07-01","Pass","2025-07-12","Offside rear tyre worn close to legal limit","Essex Commercial MOT Centre","2024-07-01T11:00:00","Demo Admin"
"AMB180","2024-07-01","Pass","2025-07-14","Offside rear tyre worn close to legal limit","Essex Commercial MOT Centre","2024-07-01T14:32:00","Demo Admin"
"AMB239","2024-07-03","Pass","2025-07-14","Oil leak, but not excessive","Chelmsford Fleet Services","2024-07-03T15:55:00","Demo Admin"
"AMB181","2024-07-04","Pass","2025-07-08","Registration plate deteriorated but not likely to be misread","Canvey Commercial Testing","2024-07-04T09:45:00","Demo Admin"
"AMB102","2024-07-04","Pass","2025-07-07","","Essex Commercial MOT Centre","2024-07-04T16:29:00","Demo Admin"
"AMB292","2024-07-05","Pass","2025-07-14","","Canvey Commercial Testing","2024-07-05T15:16:00","Demo Admin"
"AMB198","2024-07-05","Pass","2025-07-21","","Canvey Commercial Testing","2024-07-05T16:03:00","Demo Admin"
"AMB267","2024-07-06","Pass","2025-07-21","","Essex Commercial MOT Centre","2024-07-06T16:53:00","Demo Admin"
"AMB298","2024-07-08","Pass","2025-07-08","Registration plate deteriorated but not likely to be misread","Southend Vehicle Test Centre","2024-07-08T10:37:00","Demo Admin"
"AMB264","2024-07-08","Pass","2025-07-10","Oil leak, but not excessive","Canvey Commercial Testing","2024-07-08T15:59:00","Demo Admin"
"AMB295","2024-07-08","Pass","2025-07-12","Oil leak, but not excessive","Chelmsford Fleet Services","2024-07-08T16:15:00","Demo Admin"
"AMB210","2024-07-09","Pass","2025-07-11","Nearside front tyre worn close to legal limit","Chelmsford Fleet Services","2024-07-09T10:29:00","Demo Admin"
"AMB106","2024-07-09","Pass","2025-07-21","","Canvey Commercial Testing","2024-07-09T14:47:00","Demo Admin"
"AMB205","2024-07-09","Pass","2025-07-22","","Canvey Commercial Testing","2024-07-09T15:17:00","Demo Admin"
"AMB206","2024-07-10","Pass","2025-07-23","Offside rear tyre worn close to legal limit","Southend Vehicle Test Centre","2024-07-10T13:45:00","Demo Admin"
"AMB164","2024-07-11","Pass","2025-07-14","","Southend Vehicle Test Centre","2024-07-11T14:43:00","Demo Admin"
"AMB115","2024-07-13","Pass","2025-07-13","Offside rear tyre worn close to legal limit","Canvey Commercial Testing","2024-07-13T15:07:00","Demo Admin"
"AMB242","2024-07-16","Pass","2025-07-28","Brake disc worn but not seriously weakened","Canvey Commercial Testing","2024-07-16T14:48:00","Demo Admin"
"AMB144","2024-07-17","Pass","2025-07-21","","Essex Commercial MOT Centre","2024-07-17T14:49:00","Demo Admin"
"AMB217","2024-07-19","Pass","2025-07-24","Brake disc worn but not seriously weakened","Canvey Commercial Testing","2024-07-19T08:00:00","Demo Admin"
"AMB161","2024-07-19","Pass","2025-08-03","","Essex Commercial MOT Centre","2024-07-19T08:32:00","Demo Admin"
"AMB138","2024-07-21","Pass","2025-07-21","Oil leak, but not excessive","Chelmsford Fleet Services","2024-07-21T08:20:00","Demo Admin"
"AMB157","2024-07-23","Pass","2025-07-28","","Southend Vehicle Test Centre","2024-07-23T11:27:00","Demo Admin"
"AMB196","2024-07-23","Pass","2025-07-28","Nearside front tyre worn close to legal limit","Chelmsford Fleet Services","2024-07-23T14:20:00","Demo Admin"
"AMB221","2024-07-24","Pass","2025-08-04","Brake disc worn but not seriously weakened","Canvey Commercial Testing","2024-07-24T11:19:00","Demo Admin"
"AMB278","2024-07-25","Pass","2025-08-08","","Canvey Commercial Testing","2024-07-25T08:02:00","Demo Admin"
"AMB140","2024-07-27","Pass","2025-08-06","Registration plate deteriorated but not likely to be misread","Essex Commercial MOT Centre","2024-07-27T12:10:00","Demo Admin"
"AMB279","2024-07-29","Pass","2025-08-03","Offside rear tyre worn close to legal limit","Southend Vehicle Test Centre","2024-07-29T08:12:00","Demo Admin"
"AMB248","2024-08-03","Pass","2025-08-07","Brake disc worn but not seriously weakened","Canvey Commercial Testing","2024-08-03T09:53:00","Demo Admin"
"AMB123","2024-08-03","Pass","2025-08-19","Oil leak, but not excessive","Canvey Commercial Testing","2024-08-03T12:44:00","Demo Admin"
"AMB186","2024-08-03","Pass","2025-08-03","Brake disc worn but not seriously weakened","Canvey Commercial Testing","2024-08-03T15:45:00","Demo Admin"
"AMB246","2024-08-05","Pass","2025-08-09","Brake disc worn but not seriously weakened","Essex Commercial MOT Centre","2024-08-05T10:01:00","Demo Admin"
"AMB247","2024-08-05","Pass","2025-08-09","Slight play in steering linkage","Southend Vehicle Test Centre","2024-08-05T13:23:00","Demo Admin"
"AMB285","2024-08-05","Pass","2025-08-09","Minor windscreen damage outside driver's view","Chelmsford Fleet Services","2024-08-05T16:54:00","Demo Admin"
"AMB178","2024-08-08","Pass","2025-08-16","Brake disc worn but not seriously weakened","Chelmsford Fleet Services","2024-08-08T16:27:00","Demo Admin"
"AMB220","2024-08-10","Pass","2025-08-19","","Chelmsford Fleet Services","2024-08-10T10:25:00","Demo Admin"
"AMB244","2024-08-11","Pass","2025-08-18","Brake disc worn but not seriously weakened","Chelmsford Fleet Services","2024-08-11T09:08:00","Demo Admin"
"AMB197","2024-08-15","Pass","2025-08-18","Registration plate deteriorated but not likely to be misread","Canvey Commercial Testing","2024-08-15T13:04:00","Demo Admin"
"AMB111","2024-08-17","Pass","2025-08-25","Minor windscreen damage outside driver's view","Chelmsford Fleet Services","2024-08-17T08:43:00","Demo Admin"
"AMB108","2024-08-19","Pass","2025-08-20","Minor windscreen damage outside driver's view","Essex Commercial MOT Centre","2024-08-19T15:36:00","Demo Admin"
"AMB293","2024-08-21","Pass","2025-09-05","","Chelmsford Fleet Services","2024-08-21T09:55:00","Demo Admin"
"AMB252","2024-08-25","Pass","2025-09-09","Brake disc worn but not seriously weakened","Southend Vehicle Test Centre","2024-08-25T10:36:00","Demo Admin"
"AMB162","2024-09-03","Pass","2025-09-03","","Southend Vehicle Test Centre","2024-09-03T09:39:00","Demo Admin"
"AMB166","2024-09-05","Pass","2025-09-15","Nearside front tyre worn close to legal limit","Canvey Commercial Testing","2024-09-05T13:40:00","Demo Admin"
"AMB202","2024-09-06","Pass","2025-09-06","Brake disc worn but not seriously weakened","Canvey Commercial Testing","2024-09-06T11:17:00","Demo Admin"
"AMB121","2024-09-06","Pass","2025-09-12","","Canvey Commercial Testing","2024-09-06T11:22:00","Demo Admin"
"AMB233","2024-09-06","Pass","2025-09-10","Registration plate deteriorated but not likely to be misread","Essex Commercial MOT Centre","2024-09-06T11:42:00","Demo Admin"
"AMB261","2024-09-10","Pass","2025-09-13","","Chelmsford Fleet Services","2024-09-10T13:48:00","Demo Admin"
"AMB236","2024-09-11","Pass","2025-09-21","Slight play in steering linkage","Canvey Commercial Testing","2024-09-11T10:08:00","Demo Admin"
"AMB129","2024-09-11","Pass","2025-09-25","Registration plate deteriorated but not likely to be misread","Chelmsford Fleet Services","2024-09-11T15:44:00","Demo Admin"
"AMB177","2024-09-13","Pass","2025-09-19","Slight play in steering linkage","Chelmsford Fleet Services","2024-09-13T15:37:00","Demo Admin"
"AMB260","2024-09-16","Pass","2025-09-25","Brake disc worn but not seriously weakened","Canvey Commercial Testing","2024-09-16T15:11:00","Demo Admin"
"AMB296","2024-09-18","Pass","2025-09-24","Minor windscreen damage outside driver's view","Essex Commercial MOT Centre","2024-09-18T15:35:00","Demo Admin"
"AMB228","2024-09-25","Pass","2025-09-25","","Canvey Commercial Testing","2024-09-25T10:05:00","Demo Admin"
"AMB255","2024-09-25","Pass","2025-10-07","","Chelmsford Fleet Services","2024-09-25T15:45:00","Demo Admin"
"AMB212","2024-10-01","Pass","2025-10-03","Registration plate deteriorated but not likely to be misread","Canvey Commercial Testing","2024-10-01T11:02:00","Demo Admin"
"AMB225","2024-10-05","Pass","2025-10-17","","Essex Commercial MOT Centre","2024-10-05T13:21:00","Demo Admin"
"AMB200","2024-10-05","Pass","2025-10-06","","Essex Commercial MOT Centre","2024-10-05T14:44:00","Demo Admin"
"AMB235","2024-10-05","Pass","2025-10-08","Offside rear tyre worn close to legal limit","Southend Vehicle Test Centre","2024-10-05T15:00:00","Demo Admin"
"AMB103","2024-10-08","Pass","2025-10-24","Registration plate deteriorated but not likely to be misread","Canvey Commercial Testing","2024-10-08T08:27:00","Demo Admin"
"AMB194","2024-10-08","Pass","2025-10-09","","Canvey Commercial Testing","2024-10-08T11:45:00","Demo Admin"
"AMB269","2024-10-09","Pass","2025-10-11","","Canvey Commercial Testing","2024-10-09T14:33:00","Demo Admin"
"AMB126","2024-10-15","Pass","2025-10-16","","Canvey Commercial Testing","2024-10-15T11:20:00","Demo Admin"
"AMB213","2024-10-15","Pass","2025-10-15","Oil leak, but not excessive","Chelmsford Fleet Services","2024-10-15T11:50:00","Demo Admin"
"AMB143","2024-10-15","Pass","2025-10-23","Offside rear tyre worn close to legal limit","Southend Vehicle Test Centre","2024-10-15T14:55:00","Demo Admin"
"AMB122","2024-10-16","Pass","2025-10-20","","Canvey Commercial Testing","2024-10-16T10:29:00","Demo Admin"
"AMB183","2024-10-16","Pass","2025-10-16","Brake disc worn but not seriously weakened","Chelmsford Fleet Services","2024-10-16T11:43:00","Demo Admin"
"AMB229","2024-10-21","Pass","2025-10-24","","Essex Commercial MOT Centre","2024-10-21T15:41:00","Demo Admin"
"AMB299","2024-10-23","Pass","2025-11-09","Offside rear tyre worn close to legal limit","Essex Commercial MOT Centre","2024-10-23T10:39:00","Demo Admin"
"AMB113","2024-10-25","Pass","2025-11-03","","Canvey Commercial Testing","2024-10-25T09:20:00","Demo Admin"
"AMB134","2024-10-25","Pass","2025-11-05","Offside rear tyre worn close to legal limit","Canvey Commercial Testing","2024-10-25T13:26:00","Demo Admin"
"AMB116","2024-10-26","Pass","2025-11-12","Offside rear tyre worn close to legal limit","Chelmsford Fleet Services","2024-10-26T13:13:00","Demo Admin"
"AMB215","2024-10-28","Pass","2025-11-11","","Chelmsford Fleet Services","2024-10-28T15:03:00","Demo Admin"
"AMB237","2024-10-31","Pass","2025-11-10","Nearside front tyre worn close to legal limit","Canvey Commercial Testing","2024-10-31T08:38:00","Demo Admin"
"AMB104","2024-11-01","Pass","2025-11-08","Nearside front tyre worn close to legal limit","Canvey Commercial Testing","2024-11-01T13:18:00","Demo Admin"
"AMB222","2024-11-01","Pass","2025-11-17","Nearside front tyre worn close to legal limit","Essex Commercial MOT Centre","2024-11-01T15:25:00","Demo Admin"
"AMB290","2024-11-02","Pass","2025-11-03","Minor windscreen damage outside driver's view","Chelmsford Fleet Services","2024-11-02T09:09:00","Demo Admin"
"AMB224","2024-11-02","Pass","2025-11-09","","Canvey Commercial Testing","2024-11-02T09:54:00","Demo Admin"
"AMB192","2024-11-05","Pass","2025-11-13","Brake disc worn but not seriously weakened","Essex Commercial MOT Centre","2024-11-05T14:43:00","Demo Admin"
"AMB148","2024-11-06","Pass","2025-11-20","","Canvey Commercial Testing","2024-11-06T09:31:00","Demo Admin"
"AMB209","2024-11-06","Pass","2025-11-13","Registration plate deteriorated but not likely to be misread","Essex Commercial MOT Centre","2024-11-06T10:28:00","Demo Admin"
"AMB271","2024-11-06","Pass","2025-11-19","","Chelmsford Fleet Services","2024-11-06T12:02:00","Demo Admin"
"AMB155","2024-11-06","Pass","2025-11-08","Brake disc worn but not seriously weakened","Chelmsford Fleet Services","2024-11-06T14:04:00","Demo Admin"
"AMB283","2024-11-07","Pass","2025-11-07","","Chelmsford Fleet Services","2024-11-07T10:35:00","Demo Admin"
"AMB201","2024-11-07","Pass","2025-11-19","Registration plate deteriorated but not likely to be misread","Canvey Commercial Testing","2024-11-07T12:24:00","Demo Admin"
"AMB274","2024-11-07","Pass","2025-11-21","","Canvey Commercial Testing","2024-11-07T16:34:00","Demo Admin"
"AMB152","2024-11-08","Pass","2025-11-21","","Chelmsford Fleet Services","2024-11-08T14:51:00","Demo Admin"
"AMB185","2024-11-09","Pass","2025-11-11","","Canvey Commercial Testing","2024-11-09T12:57:00","Demo Admin"
"AMB168","2024-11-10","Pass","2025-11-21","","Canvey Commercial Testing","2024-11-10T08:42:00","Demo Admin"
"AMB257","2024-11-10","Pass","2025-11-25","Slight play in steering linkage","Southend Vehicle Test Centre","2024-11-10T13:32:00","Demo Admin"
"AMB174","2024-11-11","Pass","2025-11-16","Offside rear tyre worn close to legal limit","Essex Commercial MOT Centre","2024-11-11T11:33:00","Demo Admin"
"AMB275","2024-11-12","Pass","2025-11-24","","Canvey Commercial Testing","2024-11-12T16:39:00","Demo Admin"
"AMB291","2024-11-12","Pass","2025-11-18","Offside rear tyre worn close to legal limit","Canvey Commercial Testing","2024-11-12T16:46:00","Demo Admin"
"AMB128","2024-11-15","Pass","2025-11-17","Registration plate deteriorated but not likely to be misread","Southend Vehicle Test Centre","2024-11-15T16:16:00","Demo Admin"
"AMB204","2024-11-15","Pass","2025-11-25","Oil leak, but not excessive","Southend Vehicle Test Centre","2024-11-15T16:18:00","Demo Admin"
"AMB234","2024-11-16","Pass","2025-11-17","","Southend Vehicle Test Centre","2024-11-16T13:08:00","Demo Admin"
"AMB259","2024-11-19","Pass","2025-11-25","Oil leak, but not excessive","Essex Commercial MOT Centre","2024-11-19T08:05:00","Demo Admin"
"AMB266","2024-11-19","Pass","2025-12-05","Oil leak, but not excessive","Chelmsford Fleet Services","2024-11-19T09:32:00","Demo Admin"
"AMB256","2024-11-27","Pass","2025-12-05","","Essex Commercial MOT Centre","2024-11-27T16:59:00","Demo Admin"
"AMB131","2024-11-29","Pass","2025-12-03","","Chelmsford Fleet Services","2024-11-29T14:45:00","Demo Admin"
"AMB226","2024-11-30","Pass","2025-12-05","Minor windscreen damage outside driver's view","Canvey Commercial Testing","2024-11-30T14:24:00","Demo Admin"
"AMB146","2024-12-04","Pass","2025-12-06","Offside rear tyre worn close to legal limit","Canvey Commercial Testing","2024-12-04T09:29:00","Demo Admin"
"AMB195","2024-12-08","Pass","2025-12-18","","Southend Vehicle Test Centre","2024-12-08T11:27:00","Demo Admin"
"AMB109","2024-12-08","Pass","2025-12-11","Brake disc worn but not seriously weakened","Canvey Commercial Testing","2024-12-08T11:36:00","Demo Admin"
"AMB249","2024-12-12","Pass","2025-12-14","Registration plate deteriorated but not likely to be misread","Canvey Commercial Testing","2024-12-12T10:37:00","Demo Admin"
"AMB139","2024-12-13","Pass","2025-12-22","Slight play in steering linkage","Canvey Commercial Testing","2024-12-13T12:20:00","Demo Admin"
"AMB251","2024-12-14","Pass","2025-12-24","Offside rear tyre worn close to legal limit","Chelmsford Fleet Services","2024-12-14T08:01:00","Demo Admin"
"AMB208","2024-12-14","Pass","2025-12-15","","Chelmsford Fleet Services","2024-12-14T14:06:00","Demo Admin"
"AMB277","2024-12-17","Pass","2025-12-22","Registration plate deteriorated but not likely to be misread","Southend Vehicle Test Centre","2024-12-17T08:59:00","Demo Admin"
"AMB263","2024-12-17","Pass","2026-01-03","","Canvey Commercial Testing","2024-12-17T16:58:00","Demo Admin"
"AMB253","2024-12-20","Pass","2025-12-21","","Canvey Commercial Testing","2024-12-20T14:09:00","Demo Admin"
"AMB135","2024-12-22","Pass","2026-01-08","","Chelmsford Fleet Services","2024-12-22T13:00:00","Demo Admin"
"AMB173","2024-12-23","Pass","2026-01-07","Minor windscreen damage outside driver's view","Canvey Commercial Testing","2024-12-23T08:38:00","Demo Admin"
"AMB145","2024-12-28","Pass","2026-01-03","Brake disc worn but not seriously weakened","Chelmsford Fleet Services","2024-12-28T15:35:00","Demo Admin"
"AMB147","2024-12-29","Pass","2026-01-07","Offside rear tyre worn close to legal limit","Chelmsford Fleet Services","2024-12-29T15:34:00","Demo Admin"
"AMB297","2025-01-01","Pass","2026-01-14","","Canvey Commercial Testing","2025-01-01T12:19:00","Demo Admin"
"AMB118","2025-01-02","Pass","2026-01-07","Offside rear tyre worn close to legal limit","Southend Vehicle Test Centre","2025-01-02T12:11:00","Demo Admin"
"AMB119","2025-01-04","Pass","2026-01-11","Oil leak, but not excessive","Southend Vehicle Test Centre","2025-01-04T12:19:00","Demo Admin"
"AMB270","2025-01-05","Pass","2026-01-17","Oil leak, but not excessive","Canvey Commercial Testing","2025-01-05T12:18:00","Demo Admin"
"AMB158","2025-01-07","Pass","2026-01-07","","Canvey Commercial Testing","2025-01-07T16:06:00","Demo Admin"
"AMB286","2025-01-10","Pass","2026-01-25","","Essex Commercial MOT Centre","2025-01-10T16:00:00","Demo Admin"
"AMB184","2025-01-14","Pass","2026-01-23","Brake disc worn but not seriously weakened","Chelmsford Fleet Services","2025-01-14T12:07:00","Demo Admin"
"AMB171","2025-01-14","Pass","2026-01-17","Oil leak, but not excessive","Essex Commercial MOT Centre","2025-01-14T14:20:00","Demo Admin"
"AMB284","2025-01-16","Pass","2026-01-16","","Canvey Commercial Testing","2025-01-16T08:22:00","Demo Admin"
"AMB191","2025-01-20","Pass","2026-01-24","Brake disc worn but not seriously weakened","Southend Vehicle Test Centre","2025-01-20T10:01:00","Demo Admin"
"AMB203","2025-01-22","Pass","2026-02-06","Registration plate deteriorated but not likely to be misread","Canvey Commercial Testing","2025-01-22T14:01:00","Demo Admin"
"AMB268","2025-01-27","Pass","2026-02-12","Slight play in steering linkage","Canvey Commercial Testing","2025-01-27T09:47:00","Demo Admin"
"AMB132","2025-02-03","Pass","2026-02-12","","Canvey Commercial Testing","2025-02-03T11:57:00","Demo Admin"
"AMB223","2025-02-03","Pass","2026-02-03","Offside rear tyre worn close to legal limit","Canvey Commercial Testing","2025-02-03T14:44:00","Demo Admin"
"AMB199","2025-02-05","Pass","2026-02-13","Oil leak, but not excessive","Southend Vehicle Test Centre","2025-02-05T13:23:00","Demo Admin"
"AMB153","2025-02-08","Pass","2026-02-11","Registration plate deteriorated but not likely to be misread","Canvey Commercial Testing","2025-02-08T13:36:00","Demo Admin"
"AMB165","2025-02-09","Pass","2026-02-21","Nearside front tyre worn close to legal limit","Chelmsford Fleet Services","2025-02-09T16:20:00","Demo Admin"
"AMB232","2025-02-10","Pass","2026-02-21","Brake disc worn but not seriously weakened","Chelmsford Fleet Services","2025-02-10T12:01:00","Demo Admin"
"AMB163","2025-02-14","Pass","2026-02-23","","Canvey Commercial Testing","2025-02-14T08:53:00","Demo Admin"
"AMB300","2025-02-15","Pass","2026-02-22","Minor windscreen damage outside driver's view","Chelmsford Fleet Services","2025-02-15T12:16:00","Demo Admin"
"AMB265","2025-02-17","Pass","2026-02-18","Nearside front tyre worn close to legal limit","Canvey Commercial Testing","2025-02-17T16:40:00","Demo Admin"
"AMB137","2025-02-18","Pass","2026-03-07","Minor windscreen damage outside driver's view","Essex Commercial MOT Centre","2025-02-18T12:23:00","Demo Admin"
"AMB167","2025-02-19","Pass","2026-02-21","","Essex Commercial MOT Centre","2025-02-19T12:40:00","Demo Admin"
"AMB254","2025-02-19","Pass","2026-03-05","Offside rear tyre worn close to legal limit","Canvey Commercial Testing","2025-02-19T14:50:00","Demo Admin"
"AMB231","2025-02-21","Pass","2026-03-04","Offside rear tyre worn close to legal limit","Essex Commercial MOT Centre","2025-02-21T15:32:00","Demo Admin"
"AMB141","2025-02-22","Pass","2026-02-22","","Southend Vehicle Test Centre","2025-02-22T13:30:00","Demo Admin"
"AMB280","2025-02-24","Pass","2026-03-09","Offside rear tyre worn close to legal limit","Essex Commercial MOT Centre","2025-02-24T08:14:00","Demo Admin"
"AMB218","2025-02-26","Pass","2026-03-05","","Essex Commercial MOT Centre","2025-02-26T14:27:00","Demo Admin"
"AMB287","2025-02-28","Pass","2026-03-15","Offside rear tyre worn close to legal limit","Canvey Commercial Testing","2025-02-28T09:11:00","Demo Admin"
"AMB124","2025-03-02","Pass","2026-03-07","Oil leak, but not excessive","Chelmsford Fleet Services","2025-03-02T08:40:00","Demo Admin"
"AMB238","2025-03-02","Pass","2026-03-03","","Canvey Commercial Testing","2025-03-02T13:36:00","Demo Admin"
"AMB169","2025-03-04","Pass","2026-03-06","","Chelmsford Fleet Services","2025-03-04T09:36:00","Demo Admin"
"AMB179","2025-03-06","Pass","2026-03-14","","Canvey Commercial Testing","2025-03-06T10:31:00","Demo Admin"
"AMB110","2025-03-06","Pass","2026-03-16","","Canvey Commercial Testing","2025-03-06T13:44:00","Demo Admin"
"AMB214","2025-03-06","Pass","2026-03-07","","Chelmsford Fleet Services","2025-03-06T15:54:00","Demo Admin"
"AMB211","2025-03-17","Pass","2026-03-23","Nearside front tyre worn close to legal limit","Chelmsford Fleet Services","2025-03-17T08:00:00","Demo Admin"
"AMB133","2025-03-17","Pass","2026-03-20","Minor windscreen damage outside driver's view","Southend Vehicle Test Centre","2025-03-17T11:42:00","Demo Admin"
"AMB258","2025-03-17","Pass","2026-03-25","Nearside front tyre worn close to legal limit","Canvey Commercial Testing","2025-03-17T14:59:00","Demo Admin"
"AMB273","2025-03-27","Pass","2026-04-07","","Canvey Commercial Testing","2025-03-27T15:49:00","Demo Admin"
"AMB142","2025-03-30","Pass","2026-04-16","Oil leak, but not excessive","Canvey Commercial Testing","2025-03-30T08:29:00","Demo Admin"
"AMB250","2025-03-31","Pass","2026-04-06","Nearside front tyre worn close to legal limit","Essex Commercial MOT Centre","2025-03-31T11:29:00","Demo Admin"
"AMB127","2025-03-31","Pass","2026-04-09","","Canvey Commercial Testing","2025-03-31T13:49:00","Demo Admin"
"AMB227","2025-04-03","Pass","2026-04-06","Registration plate deteriorated but not likely to be misread","Chelmsford Fleet Services","2025-04-03T12:36:00","Demo Admin"
"AMB182","2025-04-05","Pass","2026-04-07","Oil leak, but not excessive","Chelmsford Fleet Services","2025-04-05T08:15:00","Demo Admin"
"AMB117","2025-04-05","Pass","2026-04-14","Nearside front tyre worn close to legal limit","Chelmsford Fleet Services","2025-04-05T14:09:00","Demo Admin"
"AMB193","2025-04-08","Pass","2026-04-24","Minor windscreen damage outside driver's view","Southend Vehicle Test Centre","2025-04-08T14:20:00","Demo Admin"
"AMB136","2025-04-09","Pass","2026-04-11","Registration plate deteriorated but not likely to be misread","Canvey Commercial Testing","2025-04-09T12:21:00","Demo Admin"
"AMB216","2025-04-10","Pass","2026-04-13","","Southend Vehicle Test Centre","2025-04-10T10:51:00","Demo Admin"
"AMB272","2025-04-11","Pass","2026-04-11","Offside rear tyre worn close to legal limit","Canvey Commercial Testing","2025-04-11T15:48:00","Demo Admin"
"AMB230","2025-04-12","Pass","2026-04-15","Brake disc worn but not seriously weakened","Chelmsford Fleet Services","2025-04-12T09:35:00","Demo Admin"
"AMB241","2025-04-17","Pass","2026-04-24","","Chelmsford Fleet Services","2025-04-17T15:41:00","Demo Admin"
"AMB240","2025-04-17","Pass","2026-04-20","Nearside front tyre worn close to legal limit","Canvey Commercial Testing","2025-04-17T16:54:00","Demo Admin"
"AMB154","2025-04-20","Pass","2026-05-07","Nearside front tyre worn close to legal limit","Essex Commercial MOT Centre","2025-04-20T11:22:00","Demo Admin"
"AMB188","2025-04-29","Pass","2026-05-12","Offside rear tyre worn close to legal limit","Essex Commercial MOT Centre","2025-04-29T14:09:00","Demo Admin"
"AMB262","2025-05-01","Pass","2026-05-18","","Southend Vehicle Test Centre","2025-05-01T10:19:00","Demo Admin"
"AMB245","2025-05-02","Pass","2026-05-03","Nearside front tyre worn close to legal limit","Canvey Commercial Testing","2025-05-02T11:25:00","Demo Admin"
"AMB219","2025-05-06","Pass","2026-05-16","Slight play in steering linkage","Canvey Commercial Testing","2025-05-06T15:37:00","Demo Admin"
"AMB150","2025-05-07","Pass","2026-05-07","Minor windscreen damage outside driver's view","Chelmsford Fleet Services","2025-05-07T12:45:00","Demo Admin"
"AMB207","2025-05-10","Pass","2026-05-24","Oil leak, but not excessive","Canvey Commercial Testing","2025-05-10T12:48:00","Demo Admin"
"AMB289","2025-05-11","Pass","2026-05-14","","Chelmsford Fleet Services","2025-05-11T10:34:00","Demo Admin"
"AMB170","2025-05-11","Pass","2026-05-17","Registration plate deteriorated but not likely to be misread","Canvey Commercial Testing","2025-05-11T15:08:00","Demo Admin"
"AMB189","2025-05-12","Pass","2026-05-18","","Canvey Commercial Testing","2025-05-12T09:17:00","Demo Admin"
"AMB105","2025-05-12","Pass","2026-05-25","","Chelmsford Fleet Services","2025-05-12T16:53:00","Demo Admin"
"AMB125","2025-05-13","Pass","2026-05-14","Oil leak, but not excessive","Canvey Commercial Testing","2025-05-13T13:01:00","Demo Admin"
"AMB282","2025-05-13","Pass","2026-05-24","Minor windscreen damage outside driver's view","Chelmsford Fleet Services","2025-05-13T16:10:00","Demo Admin"
"AMB281","2025-05-18","Pass","2026-06-03","Brake disc worn but not seriously weakened","Canvey Commercial Testing","2025-05-18T16:20:00","Demo Admin"
"AMB107","2025-05-20","Pass","2026-05-23","Slight play in steering linkage","Essex Commercial MOT Centre","2025-05-20T12:38:00","Demo Admin"
"AMB190","2025-05-25","Pass","2026-06-11","Minor windscreen damage outside driver's view","Canvey Commercial Testing","2025-05-25T11:24:00","Demo Admin"
"AMB176","2025-05-26","Pass","2026-06-05","Minor windscreen damage outside driver's view","Chelmsford Fleet Services","2025-05-26T12:36:00","Demo Admin"
"AMB149","2025-05-28","Pass","2026-06-04","Slight play in steering linkage","Chelmsford Fleet Services","2025-05-28T15:53:00","Demo Admin"
"AMB101","2025-05-30","Pass","2026-06-16","Registration plate deteriorated but not likely to be misread","Canvey Commercial Testing","2025-05-30T12:27:00","Demo Admin"
"AMB112","2025-06-01","Pass","2026-06-18","Oil leak, but not excessive","Essex Commercial MOT Centre","2025-06-01T14:07:00","Demo Admin"
"AMB294","2025-06-04","Pass","2026-06-21","","Essex Commercial MOT Centre","2025-06-04T10:07:00","Demo Admin"
"AMB156","2025-06-08","Pass","2026-06-10","","Canvey Commercial Testing","2025-06-08T09:10:00","Demo Admin"
"AMB159","2025-06-09","Pass","2026-06-14","","Canvey Commercial Testing","2025-06-09T12:40:00","Demo Admin"
"AMB151","2025-06-10","Pass","2026-06-25","Slight play in steering linkage","Chelmsford Fleet Services","2025-06-10T10:19:00","Demo Admin"
"AMB175","2025-06-10","Pass","2026-06-17","Slight play in steering linkage","Southend Vehicle Test Centre","2025-06-10T15:24:00","Demo Admin"
"AMB243","2025-06-10","Pass","2026-06-10","Slight play in steering linkage","Southend Vehicle Test Centre","2025-06-10T16:21:00","Demo Admin"
"AMB288","2025-06-12","Pass","2026-06-18","Offside rear tyre worn close to legal limit","Essex Commercial MOT Centre","2025-06-12T16:08:00","Demo Admin"
"AMB276","2025-06-13","Pass","2026-06-20","","Chelmsford Fleet Services","2025-06-13T14:29:00","Demo Admin"
"AMB181","2025-06-21","Pass","2026-07-08","Registration plate deteriorated but not likely to be misread","Canvey Commercial Testing","2025-06-21T11:09:00","Demo Admin"
"AMB187","2025-06-25","Pass","2026-07-08","Oil leak, but not excessive","Southend Vehicle Test Centre","2025-06-25T14:17:00","Demo Admin"
"AMB160","2025-06-27","Pass","2026-07-04","","Canvey Commercial Testing","2025-06-27T09:10:00","Demo Admin"
"AMB164","2025-06-29","Pass","2026-07-14","","Southend Vehicle Test Centre","2025-06-29T11:19:00","Demo Admin"
"AMB180","2025-06-29","Pass","2026-07-14","Slight play in steering linkage","Chelmsford Fleet Services","2025-06-29T12:22:00","Demo Admin"
"AMB114","2025-07-01","Pass","2026-07-10","Brake disc worn but not seriously weakened","Essex Commercial MOT Centre","2025-07-01T12:23:00","Demo Admin"
"AMB210","2025-07-02","Pass","2026-07-11","","Chelmsford Fleet Services","2025-07-02T11:11:00","Demo Admin"
"AMB264","2025-07-03","Pass","2026-07-10","Brake disc worn but not seriously weakened","Canvey Commercial Testing","2025-07-03T14:39:00","Demo Admin"
"AMB102","2025-07-04","Pass","2026-07-07","Brake disc worn but not seriously weakened","Canvey Commercial Testing","2025-07-04T08:34:00","Demo Admin"
"AMB239","2025-07-04","Pass","2026-07-14","Brake disc worn but not seriously weakened","Chelmsford Fleet Services","2025-07-04T10:12:00","Demo Admin"
"AMB172","2025-07-04","Pass","2026-07-08","","Chelmsford Fleet Services","2025-07-04T13:18:00","Demo Admin"
"AMB298","2025-07-05","Pass","2026-07-08","Registration plate deteriorated but not likely to be misread","Southend Vehicle Test Centre","2025-07-05T15:16:00","Demo Admin"
"AMB267","2025-07-05","Pass","2026-07-21","Offside rear tyre worn close to legal limit","Southend Vehicle Test Centre","2025-07-05T15:49:00","Demo Admin"
"AMB120","2025-07-06","Pass","2026-07-12","","Canvey Commercial Testing","2025-07-06T09:50:00","Demo Admin"
"AMB205","2025-07-07","Pass","2026-07-22","Minor windscreen damage outside driver's view","Canvey Commercial Testing","2025-07-07T08:55:00","Demo Admin"
"AMB198","2025-07-07","Pass","2026-07-21","Oil leak, but not excessive","Canvey Commercial Testing","2025-07-07T10:11:00","Demo Admin"
"AMB106","2025-07-08","Pass","2026-07-21","Slight play in steering linkage","Canvey Commercial Testing","2025-07-08T16:48:00","Demo Admin"
"AMB292","2025-07-09","Pass","2026-07-14","","Canvey Commercial Testing","2025-07-09T09:52:00","Demo Admin"
"AMB115","2025-07-09","Pass","2026-07-13","Nearside front tyre worn close to legal limit","Essex Commercial MOT Centre","2025-07-09T11:59:00","Demo Admin"
"AMB138","2025-07-10","Pass","2026-07-21","","Chelmsford Fleet Services","2025-07-10T13:55:00","Demo Admin"
"AMB295","2025-07-10","Pass","2026-07-12","","Chelmsford Fleet Services","2025-07-10T16:03:00","Demo Admin"
"AMB130","2025-07-12","Pass","2026-07-15","","Chelmsford Fleet Services","2025-07-12T08:17:00","Demo Admin"
"AMB144","2025-07-18","Pass","2026-07-21","Offside rear tyre worn close to legal limit","Southend Vehicle Test Centre","2025-07-18T10:50:00","Demo Admin"
"AMB206","2025-07-18","Pass","2026-07-23","Slight play in steering linkage","Southend Vehicle Test Centre","2025-07-18T11:49:00","Demo Admin"
"AMB161","2025-07-18","Pass","2026-08-03","Oil leak, but not excessive","Chelmsford Fleet Services","2025-07-18T14:22:00","Demo Admin"
"AMB217","2025-07-18","Pass","2026-07-24","Offside rear tyre worn close to legal limit","Canvey Commercial Testing","2025-07-18T14:45:00","Demo Admin"
"AMB157","2025-07-23","Pass","2026-07-28","Nearside front tyre worn close to legal limit","Southend Vehicle Test Centre","2025-07-23T10:25:00","Demo Admin"
"AMB242","2025-07-23","Pass","2026-07-28","Brake disc worn but not seriously weakened","Canvey Commercial Testing","2025-07-23T10:35:00","Demo Admin"
"AMB246","2025-07-23","Pass","2026-08-09","","Canvey Commercial Testing","2025-07-23T11:58:00","Demo Admin"
"AMB247","2025-07-24","Pass","2026-08-09","","Southend Vehicle Test Centre","2025-07-24T15:56:00","Demo Admin"
"AMB196","2025-07-28","Pass","2026-07-28","Minor windscreen damage outside driver's view","Chelmsford Fleet Services","2025-07-28T11:41:00","Demo Admin"
"AMB279","2025-07-30","Pass","2026-08-03","","Southend Vehicle Test Centre","2025-07-30T12:53:00","Demo Admin"
"AMB186","2025-07-30","Pass","2026-08-03","Slight play in steering linkage","Canvey Commercial Testing","2025-07-30T14:55:00","Demo Admin"
"AMB248","2025-08-01","Pass","2026-08-07","Oil leak, but not excessive","Canvey Commercial Testing","2025-08-01T09:30:00","Demo Admin"
"AMB221","2025-08-02","Pass","2026-08-04","Minor windscreen damage outside driver's view","Canvey Commercial Testing","2025-08-02T14:42:00","Demo Admin"
"AMB285","2025-08-03","Pass","2026-08-09","Brake disc worn but not seriously weakened","Chelmsford Fleet Services","2025-08-03T10:00:00","Demo Admin"
"AMB278","2025-08-06","Pass","2026-08-08","","Essex Commercial MOT Centre","2025-08-06T08:15:00","Demo Admin"
"AMB140","2025-08-06","Pass","2026-08-06","Slight play in steering linkage","Southend Vehicle Test Centre","2025-08-06T12:18:00","Demo Admin"
"AMB108","2025-08-07","Pass","2026-08-20","Nearside front tyre worn close to legal limit","Essex Commercial MOT Centre","2025-08-07T09:25:00","Demo Admin"
"AMB123","2025-08-09","Pass","2026-08-19","","Canvey Commercial Testing","2025-08-09T15:40:00","Demo Admin"
"AMB244","2025-08-12","Pass","2026-08-18","Offside rear tyre worn close to legal limit","Essex Commercial MOT Centre","2025-08-12T09:29:00","Demo Admin"
"AMB178","2025-08-14","Pass","2026-08-16","Slight play in steering linkage","Chelmsford Fleet Services","2025-08-14T16:46:00","Demo Admin"
"AMB197","2025-08-17","Pass","2026-08-18","Slight play in steering linkage","Canvey Commercial Testing","2025-08-17T12:23:00","Demo Admin"
"AMB111","2025-08-18","Pass","2026-08-25","Nearside front tyre worn close to legal limit","Essex Commercial MOT Centre","2025-08-18T12:27:00","Demo Admin"
"AMB220","2025-08-18","Pass","2026-08-19","Brake disc worn but not seriously weakened","Chelmsford Fleet Services","2025-08-18T15:16:00","Demo Admin"
"AMB121","2025-08-26","Pass","2026-09-12","Slight play in steering linkage","Essex Commercial MOT Centre","2025-08-26T09:48:00","Demo Admin"
"AMB162","2025-08-26","Pass","2026-09-03","Slight play in steering linkage","Southend Vehicle Test Centre","2025-08-26T15:00:00","Demo Admin"
"AMB252","2025-08-28","Pass","2026-09-09","Slight play in steering linkage","Essex Commercial MOT Centre","2025-08-28T12:36:00","Demo Admin"
"AMB233","2025-08-28","Pass","2026-09-10","Oil leak, but not excessive","Chelmsford Fleet Services","2025-08-28T16:40:00","Demo Admin"
"AMB261","2025-08-29","Pass","2026-09-13","Offside rear tyre worn close to legal limit","Chelmsford Fleet Services","2025-08-29T12:50:00","Demo Admin"
"AMB293","2025-08-31","Pass","2026-09-05","","Chelmsford Fleet Services","2025-08-31T12:17:00","Demo Admin"
"AMB202","2025-09-04","Pass","2026-09-06","Minor windscreen damage outside driver's view","Essex Commercial MOT Centre","2025-09-04T16:28:00","Demo Admin"
"AMB166","2025-09-08","Pass","2026-09-15","Brake disc worn but not seriously weakened","Canvey Commercial Testing","2025-09-08T09:13:00","Demo Admin"
"AMB129","2025-09-11","Pass","2026-09-25","Brake disc worn but not seriously weakened","Essex Commercial MOT Centre","2025-09-11T13:15:00","Demo Admin"
"AMB236","2025-09-12","Pass","2026-09-21","","Canvey Commercial Testing","2025-09-12T12:02:00","Demo Admin"
"AMB296","2025-09-13","Pass","2026-09-24","Minor windscreen damage outside driver's view","Canvey Commercial Testing","2025-09-13T15:48:00","Demo Admin"
"AMB228","2025-09-16","Pass","2026-09-25","Offside rear tyre worn close to legal limit","Canvey Commercial Testing","2025-09-16T13:08:00","Demo Admin"
"AMB260","2025-09-18","Pass","2026-09-25","","Canvey Commercial Testing","2025-09-18T14:56:00","Demo Admin"
"AMB177","2025-09-19","Pass","2026-09-19","Offside rear tyre worn close to legal limit","Chelmsford Fleet Services","2025-09-19T16:59:00","Demo Admin"
"AMB212","2025-09-21","Pass","2026-10-03","Minor windscreen damage outside driver's view","Canvey Commercial Testing","2025-09-21T10:56:00","Demo Admin"
"AMB255","2025-09-23","Pass","2026-10-07","Minor windscreen damage outside driver's view","Essex Commercial MOT Centre","2025-09-23T16:34:00","Demo Admin"
"AMB269","2025-09-25","Pass","2026-10-11","","Canvey Commercial Testing","2025-09-25T14:45:00","Demo Admin"
"AMB200","2025-09-30","Pass","2026-10-06","","Chelmsford Fleet Services","2025-09-30T09:41:00","Demo Admin"
"AMB235","2025-10-02","Pass","2026-10-08","","Southend Vehicle Test Centre","2025-10-02T14:26:00","Demo Admin"
"AMB194","2025-10-03","Pass","2026-10-09","Registration plate deteriorated but not likely to be misread","Canvey Commercial Testing","2025-10-03T15:31:00","Demo Admin"
"AMB126","2025-10-04","Pass","2026-10-16","Nearside front tyre worn close to legal limit","Canvey Commercial Testing","2025-10-04T12:55:00","Demo Admin"
"AMB225","2025-10-06","Pass","2026-10-17","Brake disc worn but not seriously weakened","Chelmsford Fleet Services","2025-10-06T08:51:00","Demo Admin"
"AMB213","2025-10-06","Pass","2026-10-15","Nearside front tyre worn close to legal limit","Chelmsford Fleet Services","2025-10-06T12:28:00","Demo Admin"
"AMB122","2025-10-07","Pass","2026-10-20","Nearside front tyre worn close to legal limit","Essex Commercial MOT Centre","2025-10-07T16:26:00","Demo Admin"
"AMB183","2025-10-14","Pass","2026-10-16","Offside rear tyre worn close to legal limit","Essex Commercial MOT Centre","2025-10-14T08:07:00","Demo Admin"
"AMB103","2025-10-16","Pass","2026-10-24","","Canvey Commercial Testing","2025-10-16T12:03:00","Demo Admin"
"AMB229","2025-10-21","Pass","2026-10-24","Registration plate deteriorated but not likely to be misread","Essex Commercial MOT Centre","2025-10-21T16:44:00","Demo Admin"
"AMB143","2025-10-22","Pass","2026-10-23","","Essex Commercial MOT Centre","2025-10-22T14:58:00","Demo Admin"
"AMB283","2025-10-24","Pass","2026-11-07","Offside rear tyre worn close to legal limit","Chelmsford Fleet Services","2025-10-24T14:11:00","Demo Admin"
"AMB155","2025-10-27","Pass","2026-11-08","Oil leak, but not excessive","Chelmsford Fleet Services","2025-10-27T09:34:00","Demo Admin"
"AMB113","2025-10-27","Pass","2026-11-03","","Canvey Commercial Testing","2025-10-27T14:16:00","Demo Admin"
"AMB290","2025-10-28","Pass","2026-11-03","Registration plate deteriorated but not likely to be misread","Chelmsford Fleet Services","2025-10-28T09:20:00","Demo Admin"
"AMB185","2025-10-29","Pass","2026-11-11","Minor windscreen damage outside driver's view","Canvey Commercial Testing","2025-10-29T14:54:00","Demo Admin"
"AMB174","2025-11-01","Pass","2026-11-16","Brake disc worn but not seriously weakened","Canvey Commercial Testing","2025-11-01T15:15:00","Demo Admin"
"AMB237","2025-11-03","Pass","2026-11-10","Oil leak, but not excessive","Canvey Commercial Testing","2025-11-03T10:51:00","Demo Admin"
"AMB116","2025-11-03","Pass","2026-11-12","Slight play in steering linkage","Chelmsford Fleet Services","2025-11-03T15:44:00","Demo Admin"
"AMB222","2025-11-05","Pass","2026-11-17","Oil leak, but not excessive","Canvey Commercial Testing","2025-11-05T11:06:00","Demo Admin"
"AMB134","2025-11-05","Pass","2026-11-05","","Canvey Commercial Testing","2025-11-05T11:14:00","Demo Admin"
"AMB104","2025-11-05","Pass","2026-11-08","Registration plate deteriorated but not likely to be misread","Canvey Commercial Testing","2025-11-05T13:58:00","Demo Admin"
"AMB271","2025-11-07","Pass","2026-11-19","Registration plate deteriorated but not likely to be misread","Chelmsford Fleet Services","2025-11-07T13:19:00","Demo Admin"
"AMB201","2025-11-08","Pass","2026-11-19","Brake disc worn but not seriously weakened","Essex Commercial MOT Centre","2025-11-08T15:09:00","Demo Admin"
"AMB224","2025-11-09","Pass","2026-11-09","","Canvey Commercial Testing","2025-11-09T10:32:00","Demo Admin"
"AMB215","2025-11-09","Pass","2026-11-11","Oil leak, but not excessive","Chelmsford Fleet Services","2025-11-09T10:56:00","Demo Admin"
"AMB299","2025-11-09","Pass","2026-11-09","Oil leak, but not excessive","Southend Vehicle Test Centre","2025-11-09T14:05:00","Demo Admin"
"AMB209","2025-11-10","Pass","2026-11-13","Minor windscreen damage outside driver's view","Chelmsford Fleet Services","2025-11-10T13:12:00","Demo Admin"
"AMB259","2025-11-10","Pass","2026-11-25","","Chelmsford Fleet Services","2025-11-10T14:07:00","Demo Admin"
"AMB152","2025-11-11","Pass","2026-11-21","Minor windscreen damage outside driver's view","Essex Commercial MOT Centre","2025-11-11T09:39:00","Demo Admin"
"AMB192","2025-11-11","Pass","2026-11-13","","Essex Commercial MOT Centre","2025-11-11T16:54:00","Demo Admin"
"AMB291","2025-11-12","Pass","2026-11-18","Registration plate deteriorated but not likely to be misread","Canvey Commercial Testing","2025-11-12T09:51:00","Demo Admin"
"AMB234","2025-11-14","Pass","2026-11-17","Offside rear tyre worn close to legal limit","Southend Vehicle Test Centre","2025-11-14T10:42:00","Demo Admin"
"AMB168","2025-11-14","Pass","2026-11-21","Nearside front tyre worn close to legal limit","Essex Commercial MOT Centre","2025-11-14T10:44:00","Demo Admin"
"AMB274","2025-11-14","Pass","2026-11-21","","Canvey Commercial Testing","2025-11-14T11:15:00","Demo Admin"
"AMB128","2025-11-15","Pass","2026-11-17","Registration plate deteriorated but not likely to be misread","Southend Vehicle Test Centre","2025-11-15T10:35:00","Demo Admin"
"AMB148","2025-11-16","Pass","2026-11-20","Registration plate deteriorated but not likely to be misread","Essex Commercial MOT Centre","2025-11-16T09:45:00","Demo Admin"
"AMB257","2025-11-17","Pass","2026-11-25","Offside rear tyre worn close to legal limit","Southend Vehicle Test Centre","2025-11-17T11:43:00","Demo Admin"
"AMB204","2025-11-23","Pass","2026-11-25","Nearside front tyre worn close to legal limit","Southend Vehicle Test Centre","2025-11-23T08:59:00","Demo Admin"
"AMB275","2025-11-23","Pass","2026-11-24","","Canvey Commercial Testing","2025-11-23T11:53:00","Demo Admin"
"AMB226","2025-11-29","Pass","2026-12-05","Brake disc worn but not seriously weakened","Canvey Commercial Testing","2025-11-29T13:10:00","Demo Admin"
"AMB208","2025-11-30","Pass","2026-12-15","Registration plate deteriorated but not likely to be misread","Essex Commercial MOT Centre","2025-11-30T08:26:00","Demo Admin"
"AMB146","2025-12-01","Pass","2026-12-06","Oil leak, but not excessive","Canvey Commercial Testing","2025-12-01T13:08:00","Demo Admin"
"AMB131","2025-12-01","Pass","2026-12-03","Registration plate deteriorated but not likely to be misread","Essex Commercial MOT Centre","2025-12-01T14:32:00","Demo Admin"
"AMB256","2025-12-03","Pass","2026-12-05","Nearside front tyre worn close to legal limit","Canvey Commercial Testing","2025-12-03T12:20:00","Demo Admin"
"AMB195","2025-12-03","Pass","2026-12-18","Slight play in steering linkage","Southend Vehicle Test Centre","2025-12-03T15:17:00","Demo Admin"
"AMB277","2025-12-05","Pass","2026-12-22","","Southend Vehicle Test Centre","2025-12-05T11:13:00","Demo Admin"
"AMB266","2025-12-05","Pass","2026-12-05","Oil leak, but not excessive","Chelmsford Fleet Services","2025-12-05T14:14:00","Demo Admin"
"AMB139","2025-12-06","Pass","2026-12-22","Offside rear tyre worn close to legal limit","Canvey Commercial Testing","2025-12-06T09:26:00","Demo Admin"
"AMB109","2025-12-06","Pass","2026-12-11","Minor windscreen damage outside driver's view","Canvey Commercial Testing","2025-12-06T11:35:00","Demo Admin"
"AMB249","2025-12-12","Pass","2026-12-14","","Canvey Commercial Testing","2025-12-12T10:16:00","Demo Admin"
"AMB251","2025-12-13","Pass","2026-12-24","","Chelmsford Fleet Services","2025-12-13T15:21:00","Demo Admin"
"AMB253","2025-12-20","Pass","2026-12-21","Offside rear tyre worn close to legal limit","Canvey Commercial Testing","2025-12-20T13:19:00","Demo Admin"
"AMB263","2025-12-24","Pass","2027-01-03","","Canvey Commercial Testing","2025-12-24T16:29:00","Demo Admin"
"AMB118","2025-12-26","Pass","2027-01-07","Oil leak, but not excessive","Essex Commercial MOT Centre","2025-12-26T10:13:00","Demo Admin"
"AMB173","2025-12-26","Pass","2027-01-07","","Canvey Commercial Testing","2025-12-26T10:20:00","Demo Admin"
"AMB119","2025-12-30","Pass","2027-01-11","Brake disc worn but not seriously weakened","Essex Commercial MOT Centre","2025-12-30T13:15:00","Demo Admin"
"AMB171","2025-12-31","Pass","2027-01-17","Slight play in steering linkage","Chelmsford Fleet Services","2025-12-31T14:50:00","Demo Admin"
"AMB145","2025-12-31","Pass","2027-01-03","Oil leak, but not excessive","Chelmsford Fleet Services","2025-12-31T16:06:00","Demo Admin"
"AMB147","2026-01-04","Pass","2027-01-07","Slight play in steering linkage","Chelmsford Fleet Services","2026-01-04T13:25:00","Demo Admin"
"AMB284","2026-01-04","Pass","2027-01-16","Minor windscreen damage outside driver's view","Canvey Commercial Testing","2026-01-04T15:29:00","Demo Admin"
"AMB158","2026-01-06","Pass","2027-01-07","Nearside front tyre worn close to legal limit","Canvey Commercial Testing","2026-01-06T13:30:00","Demo Admin"
"AMB135","2026-01-07","Pass","2027-01-08","Oil leak, but not excessive","Chelmsford Fleet Services","2026-01-07T08:19:00","Demo Admin"
"AMB270","2026-01-11","Pass","2027-01-17","Nearside front tyre worn close to legal limit","Canvey Commercial Testing","2026-01-11T15:38:00","Demo Admin"
"AMB191","2026-01-11","Pass","2027-01-24","Brake disc worn but not seriously weakened","Southend Vehicle Test Centre","2026-01-11T16:00:00","Demo Admin"
"AMB297","2026-01-13","Pass","2027-01-14","Offside rear tyre worn close to legal limit","Canvey Commercial Testing","2026-01-13T11:14:00","Demo Admin"
"AMB223","2026-01-17","Pass","2027-02-03","Brake disc worn but not seriously weakened","Canvey Commercial Testing","2026-01-17T10:48:00","Demo Admin"
"AMB286","2026-01-18","Pass","2027-01-25","","Canvey Commercial Testing","2026-01-18T15:26:00","Demo Admin"
"AMB203","2026-01-20","Pass","2027-02-06","Oil leak, but not excessive","Canvey Commercial Testing","2026-01-20T09:05:00","Demo Admin"
"AMB184","2026-01-22","Pass","2027-01-23","Offside rear tyre worn close to legal limit","Chelmsford Fleet Services","2026-01-22T13:56:00","Demo Admin"
"AMB268","2026-01-29","Pass","2027-02-12","Registration plate deteriorated but not likely to be misread","Essex Commercial MOT Centre","2026-01-29T09:30:00","Demo Admin"
"AMB199","2026-01-30","Pass","2027-02-13","","Essex Commercial MOT Centre","2026-01-30T10:18:00","Demo Admin"
"AMB232","2026-02-04","Pass","2027-02-21","Nearside front tyre worn close to legal limit","Chelmsford Fleet Services","2026-02-04T10:13:00","Demo Admin"
"AMB300","2026-02-08","Pass","2027-02-22","Offside rear tyre worn close to legal limit","Chelmsford Fleet Services","2026-02-08T12:13:00","Demo Admin"
"AMB153","2026-02-10","Pass","2027-02-11","Oil leak, but not excessive","Canvey Commercial Testing","2026-02-10T14:17:00","Demo Admin"
"AMB132","2026-02-11","Pass","2027-02-12","Brake disc worn but not seriously weakened","Canvey Commercial Testing","2026-02-11T08:36:00","Demo Admin"
"AMB265","2026-02-11","Pass","2027-02-18","","Canvey Commercial Testing","2026-02-11T15:58:00","Demo Admin"
"AMB165","2026-02-15","Pass","2027-02-21","Minor windscreen damage outside driver's view","Chelmsford Fleet Services","2026-02-15T12:34:00","Demo Admin"
"AMB141","2026-02-15","Pass","2027-02-22","Registration plate deteriorated but not likely to be misread","Southend Vehicle Test Centre","2026-02-15T15:33:00","Demo Admin"
"AMB169","2026-02-18","Pass","2027-03-06","","Chelmsford Fleet Services","2026-02-18T15:30:00","Demo Admin"
"AMB163","2026-02-19","Pass","2027-02-23","Slight play in steering linkage","Canvey Commercial Testing","2026-02-19T09:12:00","Demo Admin"
"AMB137","2026-02-19","Pass","2027-03-07","","Chelmsford Fleet Services","2026-02-19T09:36:00","Demo Admin"
"AMB167","2026-02-19","Pass","2027-02-21","Brake disc worn but not seriously weakened","Chelmsford Fleet Services","2026-02-19T16:00:00","Demo Admin"
"AMB238","2026-02-23","Pass","2027-03-03","","Canvey Commercial Testing","2026-02-23T09:34:00","Demo Admin"
"AMB231","2026-02-23","Pass","2027-03-04","Brake disc worn but not seriously weakened","Canvey Commercial Testing","2026-02-23T11:13:00","Demo Admin"
"AMB218","2026-02-26","Pass","2027-03-05","Oil leak, but not excessive","Canvey Commercial Testing","2026-02-26T13:20:00","Demo Admin"
"AMB254","2026-03-01","Pass","2027-03-05","","Canvey Commercial Testing","2026-03-01T08:24:00","Demo Admin"
"AMB110","2026-03-02","Pass","2027-03-16","Brake disc worn but not seriously weakened","Canvey Commercial Testing","2026-03-02T08:36:00","Demo Admin"
"AMB214","2026-03-04","Pass","2027-03-07","Oil leak, but not excessive","Chelmsford Fleet Services","2026-03-04T08:38:00","Demo Admin"
"AMB287","2026-03-04","Pass","2027-03-15","Slight play in steering linkage","Canvey Commercial Testing","2026-03-04T10:15:00","Demo Admin"
"AMB179","2026-03-05","Pass","2027-03-14","Oil leak, but not excessive","Canvey Commercial Testing","2026-03-05T08:48:00","Demo Admin"
"AMB124","2026-03-07","Pass","2027-03-07","Offside rear tyre worn close to legal limit","Chelmsford Fleet Services","2026-03-07T13:50:00","Demo Admin"
"AMB280","2026-03-09","Pass","2027-03-09","Brake disc worn but not seriously weakened","Southend Vehicle Test Centre","2026-03-09T08:36:00","Demo Admin"
"AMB258","2026-03-17","Pass","2027-03-25","","Canvey Commercial Testing","2026-03-17T08:18:00","Demo Admin"
"AMB211","2026-03-18","Pass","2027-03-23","Slight play in steering linkage","Chelmsford Fleet Services","2026-03-18T11:56:00","Demo Admin"
"AMB133","2026-03-20","Pass","2027-03-20","","Southend Vehicle Test Centre","2026-03-20T13:24:00","Demo Admin"
"AMB182","2026-03-21","Pass","2027-04-07","Nearside front tyre worn close to legal limit","Chelmsford Fleet Services","2026-03-21T09:31:00","Demo Admin"
"AMB273","2026-03-24","Pass","2027-04-07","Nearside front tyre worn close to legal limit","Canvey Commercial Testing","2026-03-24T08:05:00","Demo Admin"
"AMB227","2026-03-26","Pass","2027-04-06","","Chelmsford Fleet Services","2026-03-26T15:26:00","Demo Admin"
"AMB142","2026-03-30","Pass","2027-04-16","","Canvey Commercial Testing","2026-03-30T15:28:00","Demo Admin"
"AMB136","2026-03-31","Pass","2027-04-11","Oil leak, but not excessive","Canvey Commercial Testing","2026-03-31T14:20:00","Demo Admin"
"AMB250","2026-04-04","Pass","2027-04-06","Registration plate deteriorated but not likely to be misread","Essex Commercial MOT Centre","2026-04-04T13:02:00","Demo Admin"
"AMB127","2026-04-07","Pass","2027-04-09","Brake disc worn but not seriously weakened","Canvey Commercial Testing","2026-04-07T12:52:00","Demo Admin"
"AMB117","2026-04-07","Pass","2027-04-14","Registration plate deteriorated but not likely to be misread","Chelmsford Fleet Services","2026-04-07T16:35:00","Demo Admin"
"AMB216","2026-04-10","Pass","2027-04-13","","Southend Vehicle Test Centre","2026-04-10T10:07:00","Demo Admin"
"AMB230","2026-04-10","Pass","2027-04-15","","Chelmsford Fleet Services","2026-04-10T13:13:00","Demo Admin"
"AMB272","2026-04-11","Pass","2027-04-11","Registration plate deteriorated but not likely to be misread","Canvey Commercial Testing","2026-04-11T13:18:00","Demo Admin"
"AMB240","2026-04-17","Pass","2027-04-20","Offside rear tyre worn close to legal limit","Essex Commercial MOT Centre","2026-04-17T14:37:00","Demo Admin"
"AMB245","2026-04-20","Pass","2027-05-03","Nearside front tyre worn close to legal limit","Canvey Commercial Testing","2026-04-20T14:58:00","Demo Admin"
"AMB241","2026-04-21","Pass","2027-04-24","","Chelmsford Fleet Services","2026-04-21T13:21:00","Demo Admin"
"AMB193","2026-04-21","Pass","2027-04-24","Minor windscreen damage outside driver's view","Southend Vehicle Test Centre","2026-04-21T16:48:00","Demo Admin"
"AMB188","2026-05-03","Pass","2027-05-12","","Southend Vehicle Test Centre","2026-05-03T12:20:00","Demo Admin"
"AMB125","2026-05-03","Pass","2027-05-14","Oil leak, but not excessive","Canvey Commercial Testing","2026-05-03T14:14:00","Demo Admin"
"AMB189","2026-05-03","Pass","2027-05-18","","Essex Commercial MOT Centre","2026-05-03T16:38:00","Demo Admin"
"AMB154","2026-05-05","Pass","2027-05-07","","Essex Commercial MOT Centre","2026-05-05T10:49:00","Demo Admin"
"AMB150","2026-05-05","Pass","2027-05-07","Slight play in steering linkage","Chelmsford Fleet Services","2026-05-05T11:46:00","Demo Admin"
"AMB289","2026-05-05","Pass","2027-05-14","Slight play in steering linkage","Chelmsford Fleet Services","2026-05-05T15:54:00","Demo Admin"
"AMB170","2026-05-07","Pass","2027-05-17","","Canvey Commercial Testing","2026-05-07T12:18:00","Demo Admin"
"AMB105","2026-05-08","Pass","2027-05-25","Brake disc worn but not seriously weakened","Chelmsford Fleet Services","2026-05-08T14:11:00","Demo Admin"
"AMB262","2026-05-09","Pass","2027-05-18","Nearside front tyre worn close to legal limit","Essex Commercial MOT Centre","2026-05-09T15:34:00","Demo Admin"
"AMB282","2026-05-12","Pass","2027-05-24","Offside rear tyre worn close to legal limit","Essex Commercial MOT Centre","2026-05-12T15:42:00","Demo Admin"
"AMB107","2026-05-14","Pass","2027-05-23","Offside rear tyre worn close to legal limit","Essex Commercial MOT Centre","2026-05-14T13:09:00","Demo Admin"
"AMB219","2026-05-15","Pass","2027-05-16","Minor windscreen damage outside driver's view","Canvey Commercial Testing","2026-05-15T10:01:00","Demo Admin"
"AMB207","2026-05-16","Pass","2027-05-24","Brake disc worn but not seriously weakened","Essex Commercial MOT Centre","2026-05-16T12:01:00","Demo Admin"
"AMB176","2026-05-19","Pass","2027-06-05","Oil leak, but not excessive","Chelmsford Fleet Services","2026-05-19T12:32:00","Demo Admin"
"AMB281","2026-05-27","Pass","2027-06-03","","Canvey Commercial Testing","2026-05-27T14:34:00","Demo Admin"
"AMB156","2026-05-29","Pass","2027-06-10","Slight play in steering linkage","Canvey Commercial Testing","2026-05-29T12:31:00","Demo Admin"
"AMB159","2026-05-30","Pass","2027-06-14","Slight play in steering linkage","Canvey Commercial Testing","2026-05-30T11:18:00","Demo Admin"
"AMB149","2026-05-31","Pass","2027-06-04","","Chelmsford Fleet Services","2026-05-31T15:24:00","Demo Admin"
"AMB243","2026-06-01","Pass","2027-06-10","Registration plate deteriorated but not likely to be misread","Essex Commercial MOT Centre","2026-06-01T08:17:00","Demo Admin"
"AMB190","2026-06-05","Pass","2027-06-11","Registration plate deteriorated but not likely to be misread","Canvey Commercial Testing","2026-06-05T13:53:00","Demo Admin"
"AMB276","2026-06-05","Pass","2027-06-20","Minor windscreen damage outside driver's view","Essex Commercial MOT Centre","2026-06-05T15:55:00","Demo Admin"
"AMB175","2026-06-11","Pass","2027-06-17","Minor windscreen damage outside driver's view","Southend Vehicle Test Centre","2026-06-11T12:33:00","Demo Admin"
"AMB288","2026-06-14","Pass","2027-06-18","Brake disc worn but not seriously weakened","Canvey Commercial Testing","2026-06-14T14:17:00","Demo Admin"
"AMB101","2026-06-16","Pass","2027-06-16","Offside rear tyre worn close to legal limit","Canvey Commercial Testing","2026-06-16T08:07:00","Demo Admin"
"AMB112","2026-06-17","Pass","2027-06-18","Brake disc worn but not seriously weakened","Essex Commercial MOT Centre","2026-06-17T12:38:00","Demo Admin"
"AMB294","2026-06-17","Pass","2027-06-21","Oil leak, but not excessive","Essex Commercial MOT Centre","2026-06-17T16:18:00","Demo Admin"
"AMB151","2026-06-22","Pass","2027-06-25","","Chelmsford Fleet Services","2026-06-22T16:21:00","Demo Admin"
"AMB114","2026-06-24","Pass","2027-07-10","Nearside front tyre worn close to legal limit","Chelmsford Fleet Services","2026-06-24T08:19:00","Demo Admin"
"AMB160","2026-06-27","Pass","2027-07-04","","Canvey Commercial Testing","2026-06-27T11:12:00","Demo Admin"
"AMB102","2026-06-29","Pass","2027-07-07","Brake disc worn but not seriously weakened","Canvey Commercial Testing","2026-06-29T13:31:00","Demo Admin"
"AMB295","2026-07-01","Pass","2027-07-12","Oil leak, but not excessive","Essex Commercial MOT Centre","2026-07-01T11:46:00","Demo Admin"
"AMB187","2026-07-02","Pass","2027-07-08","Oil leak, but not excessive","Southend Vehicle Test Centre","2026-07-02T16:00:00","Demo Admin"
"AMB120","2026-07-03","Pass","2027-07-12","Oil leak, but not excessive","Canvey Commercial Testing","2026-07-03T11:55:00","Demo Admin"
"AMB267","2026-07-04","Pass","2027-07-21","","Southend Vehicle Test Centre","2026-07-04T15:27:00","Demo Admin"
"AMB264","2026-07-05","Pass","2027-07-10","","Essex Commercial MOT Centre","2026-07-05T08:52:00","Demo Admin"
"AMB206","2026-07-07","Pass","2027-07-23","","Essex Commercial MOT Centre","2026-07-07T15:00:00","Demo Admin"
"AMB115","2026-07-07","Pass","2027-07-13","Brake disc worn but not seriously weakened","Canvey Commercial Testing","2026-07-07T15:13:00","Demo Admin"
"AMB130","2026-07-09","Pass","2027-07-15","Oil leak, but not excessive","Chelmsford Fleet Services","2026-07-09T10:33:00","Demo Admin"
"AMB210","2026-07-09","Pass","2027-07-11","Registration plate deteriorated but not likely to be misread","Chelmsford Fleet Services","2026-07-09T12:20:00","Demo Admin"
"AMB239","2026-07-11","Pass","2027-07-14","Minor windscreen damage outside driver's view","Chelmsford Fleet Services","2026-07-11T14:27:00","Demo Admin"
"AMB198","2026-07-13","Pass","2027-07-21","Minor windscreen damage outside driver's view","Canvey Commercial Testing","2026-07-13T15:32:00","Demo Admin"
"AMB205","2026-07-17","Pass","2027-07-22","Offside rear tyre worn close to legal limit","Canvey Commercial Testing","2026-07-17T11:17:00","Demo Admin"
"AMB217","2026-07-21","Pass","2027-07-24","Minor windscreen damage outside driver's view","Canvey Commercial Testing","2026-07-21T11:27:00","Demo Admin"
"AMB248","2026-07-21","Pass","2027-08-07","Oil leak, but not excessive","Canvey Commercial Testing","2026-07-21T11:31:00","Demo Admin"
"AMB140","2026-07-25","Pass","2027-08-06","","Southend Vehicle Test Centre","2026-07-25T08:54:00","Demo Admin"
"AMB247","2026-08-02","Pass","2027-08-09","Registration plate deteriorated but not likely to be misread","Essex Commercial MOT Centre","2026-08-02T09:53:00","Demo Admin"
"AMB221","2026-08-04","Pass","2027-08-04","","Canvey Commercial Testing","2026-08-04T16:57:00","Demo Admin"
"AMB278","2026-08-05","Pass","2027-08-08","Registration plate deteriorated but not likely to be misread","Canvey Commercial Testing","2026-08-05T16:24:00","Demo Admin"
