Registration,TestDate,Result,ExpiryDate,Advisories,TestCentre,RecordedAt,RecordedBy
AMB104,2022-01-07,Pass,2023-01-06,,Southend Vehicle Test Centre,2022-01-07T08:22:00,Demo Admin
AMB163,2022-01-08,Pass,2023-01-07,,Canvey Commercial Testing,2022-01-08T12:41:00,Demo Admin
AMB145,2022-01-09,Pass,2023-01-08,Brake disc worn but not seriously weakened,Essex Commercial MOT Centre,2022-01-09T16:17:00,Demo Admin
AMB256,2022-01-09,Pass,2023-01-08,,Chelmsford Fleet Services,2022-01-09T11:16:00,Demo Admin
AMB177,2022-01-10,Pass,2023-01-09,Nearside front tyre worn close to legal limit,Essex Commercial MOT Centre,2022-01-10T12:38:00,Demo Admin
AMB143,2022-01-11,Pass,2023-01-10,,Canvey Commercial Testing,2022-01-11T13:20:00,Demo Admin
AMB166,2022-01-13,Pass,2023-01-12,Offside rear tyre worn close to legal limit,Essex Commercial MOT Centre,2022-01-13T13:33:00,Demo Admin
AMB232,2022-01-14,Pass,2023-01-13,Nearside front tyre worn close to legal limit,Essex Commercial MOT Centre,2022-01-14T17:01:00,Demo Admin
AMB132,2022-01-15,Pass,2023-01-14,Offside rear tyre worn close to legal limit,Chelmsford Fleet Services,2022-01-15T17:39:00,Demo Admin
AMB213,2022-01-15,Pass,2023-01-14,Nearside front tyre worn close to legal limit,Southend Vehicle Test Centre,2022-01-15T15:27:00,Demo Admin
AMB265,2022-01-15,Pass,2023-01-14,,Chelmsford Fleet Services,2022-01-15T17:03:00,Demo Admin
AMB176,2022-01-18,Pass,2023-01-17,Slight play in steering linkage,Chelmsford Fleet Services,2022-01-18T15:00:00,Demo Admin
AMB287,2022-01-18,Pass,2023-01-17,,Essex Commercial MOT Centre,2022-01-18T14:13:00,Demo Admin
AMB198,2022-01-19,Pass,2023-01-18,Registration plate deteriorated but not likely to be misread,Essex Commercial MOT Centre,2022-01-19T14:46:00,Demo Admin
AMB261,2022-01-21,Pass,2023-01-20,,Essex Commercial MOT Centre,2022-01-21T17:51:00,Demo Admin
AMB192,2022-01-23,Pass,2023-01-22,Registration plate deteriorated but not likely to be misread,Canvey Commercial Testing,2022-01-23T16:17:00,Demo Admin
AMB247,2022-01-24,Pass,2023-01-23,,Southend Vehicle Test Centre,2022-01-24T17:04:00,Demo Admin
AMB239,2022-02-07,Pass,2023-02-06,Registration plate deteriorated but not likely to be misread,Essex Commercial MOT Centre,2022-02-07T14:15:00,Demo Admin
AMB250,2022-02-07,Pass,2023-02-06,Slight play in steering linkage,Canvey Commercial Testing,2022-02-07T12:22:00,Demo Admin
AMB293,2022-02-08,Pass,2023-02-07,Offside rear tyre worn close to legal limit,Canvey Commercial Testing,2022-02-08T11:29:00,Demo Admin
AMB142,2022-02-10,Pass,2023-02-09,,Essex Commercial MOT Centre,2022-02-10T11:32:00,Demo Admin
AMB203,2022-02-11,Fail,,Suspension component excessively worn,Canvey Commercial Testing,2022-02-11T15:05:00,Demo Admin
AMB114,2022-02-12,Pass,2023-02-11,Slight play in steering linkage,Canvey Commercial Testing,2022-02-12T14:26:00,Demo Admin
AMB125,2022-02-12,Pass,2023-02-11,,Canvey Commercial Testing,2022-02-12T10:50:00,Demo Admin
AMB259,2022-02-12,Pass,2023-02-11,Minor windscreen damage outside driver's view,Southend Vehicle Test Centre,2022-02-12T11:04:00,Demo Admin
AMB207,2022-02-13,Pass,2023-02-12,,Canvey Commercial Testing,2022-02-13T12:45:00,Demo Admin
AMB241,2022-02-13,Pass,2023-02-12,Minor windscreen damage outside driver's view,Essex Commercial MOT Centre,2022-02-13T16:41:00,Demo Admin
AMB186,2022-02-16,Pass,2023-02-15,Offside rear tyre worn close to legal limit,Essex Commercial MOT Centre,2022-02-16T08:24:00,Demo Admin
AMB189,2022-02-17,Pass,2023-02-16,Offside rear tyre worn close to legal limit,Essex Commercial MOT Centre,2022-02-17T10:15:00,Demo Admin
AMB151,2022-02-18,Pass,2023-02-17,Registration plate deteriorated but not likely to be misread,Chelmsford Fleet Services,2022-02-18T15:11:00,Demo Admin
AMB167,2022-02-18,Pass,2023-02-17,Minor windscreen damage outside driver's view,Essex Commercial MOT Centre,2022-02-18T08:22:00,Demo Admin
AMB222,2022-02-18,Fail,,Headlamp not working,Chelmsford Fleet Services,2022-02-18T13:12:00,Demo Admin
AMB284,2022-02-20,Pass,2023-02-19,"Oil leak, but not excessive",Southend Vehicle Test Centre,2022-02-20T15:58:00,Demo Admin
AMB165,2022-02-24,Pass,2023-02-23,Brake disc worn but not seriously weakened,Essex Commercial MOT Centre,2022-02-24T17:36:00,Demo Admin
AMB193,2022-03-04,Pass,2023-03-03,,Canvey Commercial Testing,2022-03-04T12:17:00,Demo Admin
AMB123,2022-03-07,Pass,2023-03-06,Offside rear tyre worn close to legal limit,Essex Commercial MOT Centre,2022-03-07T15:10:00,Demo Admin
AMB150,2022-03-08,Pass,2023-03-07,,Chelmsford Fleet Services,2022-03-08T09:10:00,Demo Admin
AMB220,2022-03-10,Pass,2023-03-09,,Chelmsford Fleet Services,2022-03-10T16:43:00,Demo Admin
AMB230,2022-03-13,Fail,,Service brake performance below requirements,Essex Commercial MOT Centre,2022-03-13T15:16:00,Demo Admin
AMB115,2022-03-14,Pass,2023-03-13,Brake disc worn but not seriously weakened,Essex Commercial MOT Centre,2022-03-14T10:19:00,Demo Admin
AMB271,2022-03-14,Pass,2023-03-13,Nearside front tyre worn close to legal limit,Canvey Commercial Testing,2022-03-14T10:10:00,Demo Admin
AMB129,2022-03-15,Pass,2023-03-14,Brake disc worn but not seriously weakened,Canvey Commercial Testing,2022-03-15T14:08:00,Demo Admin
AMB197,2022-03-17,Pass,2023-03-16,,Southend Vehicle Test Centre,2022-03-17T15:00:00,Demo Admin
AMB279,2022-03-17,Pass,2023-03-16,Nearside front tyre worn close to legal limit,Southend Vehicle Test Centre,2022-03-17T09:55:00,Demo Admin
AMB294,2022-03-17,Pass,2023-03-16,Slight play in steering linkage,Canvey Commercial Testing,2022-03-17T11:28:00,Demo Admin
AMB172,2022-03-19,Pass,2023-03-18,,Southend Vehicle Test Centre,2022-03-19T14:51:00,Demo Admin
AMB283,2022-03-19,Pass,2023-03-18,Brake disc worn but not seriously weakened,Canvey Commercial Testing,2022-03-19T11:51:00,Demo Admin
AMB148,2022-03-20,Pass,2023-03-19,Nearside front tyre worn close to legal limit,Canvey Commercial Testing,2022-03-20T08:17:00,Demo Admin
AMB180,2022-03-22,Pass,2023-03-21,"Oil leak, but not excessive",Southend Vehicle Test Centre,2022-03-22T12:56:00,Demo Admin
AMB289,2022-03-22,Pass,2023-03-21,,Southend Vehicle Test Centre,2022-03-22T15:01:00,Demo Admin
AMB187,2022-03-24,Fail,,Headlamp not working,Southend Vehicle Test Centre,2022-03-24T09:36:00,Demo Admin
AMB236,2022-04-08,Pass,2023-04-07,Minor windscreen damage outside driver's view,Southend Vehicle Test Centre,2022-04-08T09:30:00,Demo Admin
AMB173,2022-04-09,Pass,2023-04-08,,Southend Vehicle Test Centre,2022-04-09T09:27:00,Demo Admin
AMB291,2022-04-09,Pass,2023-04-08,Registration plate deteriorated but not likely to be misread,Canvey Commercial Testing,2022-04-09T10:31:00,Demo Admin
AMB211,2022-04-10,Pass,2023-04-09,Nearside front tyre worn close to legal limit,Essex Commercial MOT Centre,2022-04-10T08:16:00,Demo Admin
AMB221,2022-04-12,Pass,2023-04-11,,Essex Commercial MOT Centre,2022-04-12T09:00:00,Demo Admin
AMB195,2022-04-14,Pass,2023-04-13,Slight play in steering linkage,Southend Vehicle Test Centre,2022-04-14T12:25:00,Demo Admin
AMB273,2022-04-15,Pass,2023-04-14,,Chelmsford Fleet Services,2022-04-15T11:25:00,Demo Admin
AMB141,2022-04-16,Pass,2023-04-15,"Oil leak, but not excessive",Canvey Commercial Testing,2022-04-16T14:24:00,Demo Admin
AMB225,2022-04-17,Pass,2023-04-16,,Southend Vehicle Test Centre,2022-04-17T11:01:00,Demo Admin
AMB205,2022-04-18,Pass,2023-04-17,Nearside front tyre worn close to legal limit,Essex Commercial MOT Centre,2022-04-18T12:49:00,Demo Admin
AMB272,2022-04-18,Pass,2023-04-17,Brake disc worn but not seriously weakened,Chelmsford Fleet Services,2022-04-18T11:58:00,Demo Admin
AMB243,2022-04-20,Pass,2023-04-19,Slight play in steering linkage,Canvey Commercial Testing,2022-04-20T11:02:00,Demo Admin
AMB109,2022-04-21,Pass,2023-04-20,,Chelmsford Fleet Services,2022-04-21T17:11:00,Demo Admin
AMB227,2022-04-24,Pass,2023-04-23,,Essex Commercial MOT Centre,2022-04-24T09:28:00,Demo Admin
AMB237,2022-04-24,Pass,2023-04-23,Offside rear tyre worn close to legal limit,Southend Vehicle Test Centre,2022-04-24T09:36:00,Demo Admin
AMB268,2022-04-25,Fail,,Suspension component excessively worn,Canvey Commercial Testing,2022-04-25T13:18:00,Demo Admin
AMB108,2022-05-04,Pass,2023-05-03,Minor windscreen damage outside driver's view,Chelmsford Fleet Services,2022-05-04T12:20:00,Demo Admin
AMB228,2022-05-04,Pass,2023-05-03,Offside rear tyre worn close to legal limit,Chelmsford Fleet Services,2022-05-04T08:52:00,Demo Admin
AMB140,2022-05-13,Pass,2023-05-12,"Oil leak, but not excessive",Canvey Commercial Testing,2022-05-13T12:54:00,Demo Admin
AMB170,2022-05-13,Pass,2023-05-12,Offside rear tyre worn close to legal limit,Southend Vehicle Test Centre,2022-05-13T13:33:00,Demo Admin
AMB290,2022-05-13,Pass,2023-05-12,"Oil leak, but not excessive",Chelmsford Fleet Services,2022-05-13T11:10:00,Demo Admin
AMB269,2022-05-15,Pass,2023-05-14,Brake disc worn but not seriously weakened,Southend Vehicle Test Centre,2022-05-15T08:18:00,Demo Admin
AMB276,2022-05-15,Pass,2023-05-14,Nearside front tyre worn close to legal limit,Canvey Commercial Testing,2022-05-15T14:24:00,Demo Admin
AMB297,2022-05-15,Pass,2023-05-14,Offside rear tyre worn close to legal limit,Canvey Commercial Testing,2022-05-15T16:07:00,Demo Admin
AMB251,2022-05-16,Pass,2023-05-15,Registration plate deteriorated but not likely to be misread,Chelmsford Fleet Services,2022-05-16T11:25:00,Demo Admin
AMB139,2022-05-17,Pass,2023-05-16,,Essex Commercial MOT Centre,2022-05-17T17:06:00,Demo Admin
AMB113,2022-05-18,Pass,2023-05-17,Nearside front tyre worn close to legal limit,Chelmsford Fleet Services,2022-05-18T12:14:00,Demo Admin
AMB124,2022-05-18,Pass,2023-05-17,,Southend Vehicle Test Centre,2022-05-18T16:21:00,Demo Admin
AMB154,2022-05-18,Pass,2023-05-17,,Canvey Commercial Testing,2022-05-18T14:35:00,Demo Admin
AMB191,2022-05-19,Pass,2023-05-18,,Essex Commercial MOT Centre,2022-05-19T12:44:00,Demo Admin
AMB219,2022-05-21,Pass,2023-05-20,Nearside front tyre worn close to legal limit,Essex Commercial MOT Centre,2022-05-21T09:32:00,Demo Admin
AMB229,2022-05-21,Fail,,Tyre tread depth below legal minimum,Canvey Commercial Testing,2022-05-21T08:16:00,Demo Admin
AMB158,2022-06-05,Pass,2023-06-04,Brake disc worn but not seriously weakened,Chelmsford Fleet Services,2022-06-05T08:11:00,Demo Admin
AMB118,2022-06-07,Pass,2023-06-06,"Oil leak, but not excessive",Essex Commercial MOT Centre,2022-06-07T09:56:00,Demo Admin
AMB274,2022-06-07,Pass,2023-06-06,,Canvey Commercial Testing,2022-06-07T08:26:00,Demo Admin
AMB107,2022-06-09,Fail,,Headlamp not working,Essex Commercial MOT Centre,2022-06-09T11:58:00,Demo Admin
AMB153,2022-06-10,Pass,2023-06-09,Minor windscreen damage outside driver's view,Essex Commercial MOT Centre,2022-06-10T14:16:00,Demo Admin
AMB245,2022-06-10,Pass,2023-06-09,,Canvey Commercial Testing,2022-06-10T11:56:00,Demo Admin
AMB196,2022-06-12,Pass,2023-06-11,Minor windscreen damage outside driver's view,Southend Vehicle Test Centre,2022-06-12T13:24:00,Demo Admin
AMB103,2022-06-13,Pass,2023-06-12,"Oil leak, but not excessive",Essex Commercial MOT Centre,2022-06-13T11:06:00,Demo Admin
AMB162,2022-06-13,Pass,2023-06-12,Registration plate deteriorated but not likely to be misread,Southend Vehicle Test Centre,2022-06-13T09:47:00,Demo Admin
AMB231,2022-06-13,Pass,2023-06-12,"Oil leak, but not excessive",Essex Commercial MOT Centre,2022-06-13T15:02:00,Demo Admin
AMB253,2022-06-17,Pass,2023-06-16,Brake disc worn but not seriously weakened,Canvey Commercial Testing,2022-06-17T15:49:00,Demo Admin
AMB138,2022-06-19,Pass,2023-06-18,,Essex Commercial MOT Centre,2022-06-19T09:56:00,Demo Admin
AMB174,2022-06-20,Pass,2023-06-19,,Southend Vehicle Test Centre,2022-06-20T15:33:00,Demo Admin
AMB255,2022-06-21,Pass,2023-06-20,Nearside front tyre worn close to legal limit,Southend Vehicle Test Centre,2022-06-21T13:34:00,Demo Admin
AMB288,2022-06-21,Pass,2023-06-20,Slight play in steering linkage,Essex Commercial MOT Centre,2022-06-21T14:08:00,Demo Admin
AMB119,2022-06-23,Pass,2023-06-22,Registration plate deteriorated but not likely to be misread,Essex Commercial MOT Centre,2022-06-23T17:18:00,Demo Admin
AMB175,2022-07-04,Pass,2023-07-03,Slight play in steering linkage,Canvey Commercial Testing,2022-07-04T10:06:00,Demo Admin
AMB183,2022-07-05,Pass,2023-07-04,,Essex Commercial MOT Centre,2022-07-05T08:48:00,Demo Admin
AMB252,2022-07-07,Fail,,Tyre tread depth below legal minimum,Chelmsford Fleet Services,2022-07-07T14:48:00,Demo Admin
AMB106,2022-07-09,Pass,2023-07-08,Brake disc worn but not seriously weakened,Southend Vehicle Test Centre,2022-07-09T14:15:00,Demo Admin
AMB262,2022-07-13,Pass,2023-07-12,Offside rear tyre worn close to legal limit,Chelmsford Fleet Services,2022-07-13T14:12:00,Demo Admin
AMB105,2022-07-14,Pass,2023-07-13,,Chelmsford Fleet Services,2022-07-14T15:45:00,Demo Admin
AMB133,2022-07-14,Pass,2023-07-13,"Oil leak, but not excessive",Chelmsford Fleet Services,2022-07-14T08:23:00,Demo Admin
AMB157,2022-07-14,Pass,2023-07-13,,Canvey Commercial Testing,2022-07-14T14:22:00,Demo Admin
AMB264,2022-07-14,Pass,2023-07-13,,Chelmsford Fleet Services,2022-07-14T08:48:00,Demo Admin
AMB117,2022-07-15,Pass,2023-07-14,,Canvey Commercial Testing,2022-07-15T14:07:00,Demo Admin
AMB149,2022-07-18,Pass,2023-07-17,Slight play in steering linkage,Canvey Commercial Testing,2022-07-18T08:54:00,Demo Admin
AMB204,2022-07-19,Pass,2023-07-18,,Chelmsford Fleet Services,2022-07-19T16:30:00,Demo Admin
AMB131,2022-07-21,Fail,,Headlamp not working,Chelmsford Fleet Services,2022-07-21T13:37:00,Demo Admin
AMB188,2022-07-22,Pass,2023-07-21,Offside rear tyre worn close to legal limit,Essex Commercial MOT Centre,2022-07-22T13:59:00,Demo Admin
AMB218,2022-07-22,Pass,2023-07-21,Registration plate deteriorated but not likely to be misread,Essex Commercial MOT Centre,2022-07-22T16:00:00,Demo Admin
AMB280,2022-07-22,Pass,2023-07-21,Offside rear tyre worn close to legal limit,Essex Commercial MOT Centre,2022-07-22T12:33:00,Demo Admin
AMB126,2022-08-04,Pass,2023-08-03,Brake disc worn but not seriously weakened,Chelmsford Fleet Services,2022-08-04T13:50:00,Demo Admin
AMB101,2022-08-05,Pass,2023-08-04,Registration plate deteriorated but not likely to be misread,Essex Commercial MOT Centre,2022-08-05T11:02:00,Demo Admin
AMB161,2022-08-08,Pass,2023-08-07,,Essex Commercial MOT Centre,2022-08-08T13:56:00,Demo Admin
AMB215,2022-08-09,Pass,2023-08-08,Offside rear tyre worn close to legal limit,Southend Vehicle Test Centre,2022-08-09T11:53:00,Demo Admin
AMB254,2022-08-09,Pass,2023-08-08,Offside rear tyre worn close to legal limit,Southend Vehicle Test Centre,2022-08-09T16:03:00,Demo Admin
AMB164,2022-08-11,Pass,2023-08-10,Minor windscreen damage outside driver's view,Chelmsford Fleet Services,2022-08-11T15:25:00,Demo Admin
AMB248,2022-08-11,Pass,2023-08-10,Registration plate deteriorated but not likely to be misread,Southend Vehicle Test Centre,2022-08-11T09:52:00,Demo Admin
AMB137,2022-08-12,Pass,2023-08-11,"Oil leak, but not excessive",Canvey Commercial Testing,2022-08-12T16:33:00,Demo Admin
AMB182,2022-08-12,Pass,2023-08-11,,Essex Commercial MOT Centre,2022-08-12T11:45:00,Demo Admin
AMB210,2022-08-14,Pass,2023-08-13,Slight play in steering linkage,Southend Vehicle Test Centre,2022-08-14T12:56:00,Demo Admin
AMB214,2022-08-14,Pass,2023-08-13,,Chelmsford Fleet Services,2022-08-14T13:52:00,Demo Admin
AMB127,2022-08-16,Pass,2023-08-15,Brake disc worn but not seriously weakened,Canvey Commercial Testing,2022-08-16T09:18:00,Demo Admin
AMB159,2022-08-19,Fail,,Headlamp not working,Chelmsford Fleet Services,2022-08-19T10:34:00,Demo Admin
AMB130,2022-08-20,Pass,2023-08-19,,Essex Commercial MOT Centre,2022-08-20T12:57:00,Demo Admin
AMB258,2022-08-21,Pass,2023-08-20,Minor windscreen damage outside driver's view,Southend Vehicle Test Centre,2022-08-21T08:30:00,Demo Admin
AMB226,2022-08-23,Pass,2023-08-22,Offside rear tyre worn close to legal limit,Essex Commercial MOT Centre,2022-08-23T16:35:00,Demo Admin
AMB128,2022-09-06,Pass,2023-09-05,,Canvey Commercial Testing,2022-09-06T12:49:00,Demo Admin
AMB200,2022-09-09,Pass,2023-09-08,Nearside front tyre worn close to legal limit,Canvey Commercial Testing,2022-09-09T09:27:00,Demo Admin
AMB168,2022-09-11,Pass,2023-09-10,Minor windscreen damage outside driver's view,Southend Vehicle Test Centre,2022-09-11T16:14:00,Demo Admin
AMB199,2022-09-11,Pass,2023-09-10,,Canvey Commercial Testing,2022-09-11T13:38:00,Demo Admin
AMB300,2022-09-11,Pass,2023-09-10,Offside rear tyre worn close to legal limit,Southend Vehicle Test Centre,2022-09-11T12:29:00,Demo Admin
AMB282,2022-09-12,Pass,2023-09-11,,Essex Commercial MOT Centre,2022-09-12T12:53:00,Demo Admin
AMB116,2022-09-14,Pass,2023-09-13,Minor windscreen damage outside driver's view,Canvey Commercial Testing,2022-09-14T17:05:00,Demo Admin
AMB178,2022-09-15,Pass,2023-09-14,,Canvey Commercial Testing,2022-09-15T12:16:00,Demo Admin
AMB201,2022-09-15,Pass,2023-09-14,,Canvey Commercial Testing,2022-09-15T10:00:00,Demo Admin
AMB179,2022-09-16,Pass,2023-09-15,Nearside front tyre worn close to legal limit,Essex Commercial MOT Centre,2022-09-16T15:01:00,Demo Admin
AMB296,2022-09-16,Pass,2023-09-15,Slight play in steering linkage,Southend Vehicle Test Centre,2022-09-16T15:20:00,Demo Admin
AMB146,2022-09-17,Pass,2023-09-16,Slight play in steering linkage,Essex Commercial MOT Centre,2022-09-17T16:18:00,Demo Admin
AMB242,2022-09-17,Pass,2023-09-16,Slight play in steering linkage,Southend Vehicle Test Centre,2022-09-17T13:48:00,Demo Admin
AMB216,2022-09-19,Pass,2023-09-18,,Canvey Commercial Testing,2022-09-19T16:29:00,Demo Admin
AMB223,2022-09-22,Fail,,Service brake performance below requirements,Canvey Commercial Testing,2022-09-22T15:29:00,Demo Admin
AMB267,2022-09-24,Pass,2023-09-23,Minor windscreen damage outside driver's view,Canvey Commercial Testing,2022-09-24T13:37:00,Demo Admin
AMB224,2022-10-06,Pass,2023-10-05,Brake disc worn but not seriously weakened,Essex Commercial MOT Centre,2022-10-06T13:28:00,Demo Admin
AMB234,2022-10-07,Pass,2023-10-06,"Oil leak, but not excessive",Canvey Commercial Testing,2022-10-07T16:55:00,Demo Admin
AMB171,2022-10-09,Pass,2023-10-08,Brake disc worn but not seriously weakened,Essex Commercial MOT Centre,2022-10-09T16:13:00,Demo Admin
AMB102,2022-10-10,Pass,2023-10-09,Nearside front tyre worn close to legal limit,Chelmsford Fleet Services,2022-10-10T16:40:00,Demo Admin
AMB122,2022-10-11,Pass,2023-10-10,,Chelmsford Fleet Services,2022-10-11T14:28:00,Demo Admin
AMB144,2022-10-11,Pass,2023-10-10,Brake disc worn but not seriously weakened,Canvey Commercial Testing,2022-10-11T10:42:00,Demo Admin
AMB152,2022-10-13,Pass,2023-10-12,Brake disc worn but not seriously weakened,Southend Vehicle Test Centre,2022-10-13T13:20:00,Demo Admin
AMB169,2022-10-13,Pass,2023-10-12,Minor windscreen damage outside driver's view,Canvey Commercial Testing,2022-10-13T10:29:00,Demo Admin
AMB244,2022-10-14,Pass,2023-10-13,,Canvey Commercial Testing,2022-10-14T09:21:00,Demo Admin
AMB246,2022-10-14,Pass,2023-10-13,,Essex Commercial MOT Centre,2022-10-14T15:21:00,Demo Admin
AMB249,2022-10-14,Pass,2023-10-13,Brake disc worn but not seriously weakened,Southend Vehicle Test Centre,2022-10-14T12:45:00,Demo Admin
AMB147,2022-10-15,Pass,2023-10-14,Nearside front tyre worn close to legal limit,Essex Commercial MOT Centre,2022-10-15T14:44:00,Demo Admin
AMB217,2022-10-16,Pass,2023-10-15,,Essex Commercial MOT Centre,2022-10-16T17:41:00,Demo Admin
AMB286,2022-10-16,Pass,2023-10-15,Nearside front tyre worn close to legal limit,Canvey Commercial Testing,2022-10-16T13:33:00,Demo Admin
AMB238,2022-10-21,Pass,2023-10-20,"Oil leak, but not excessive",Essex Commercial MOT Centre,2022-10-21T09:12:00,Demo Admin
AMB278,2022-10-21,Pass,2023-10-20,,Southend Vehicle Test Centre,2022-10-21T10:01:00,Demo Admin
AMB270,2022-11-06,Pass,2023-11-05,Brake disc worn but not seriously weakened,Essex Commercial MOT Centre,2022-11-06T13:02:00,Demo Admin
AMB134,2022-11-07,Pass,2023-11-06,Registration plate deteriorated but not likely to be misread,Essex Commercial MOT Centre,2022-11-07T16:24:00,Demo Admin
AMB160,2022-11-07,Pass,2023-11-06,Nearside front tyre worn close to legal limit,Chelmsford Fleet Services,2022-11-07T09:34:00,Demo Admin
AMB212,2022-11-07,Pass,2023-11-06,,Southend Vehicle Test Centre,2022-11-07T11:56:00,Demo Admin
AMB235,2022-11-09,Pass,2023-11-08,Minor windscreen damage outside driver's view,Southend Vehicle Test Centre,2022-11-09T17:43:00,Demo Admin
AMB121,2022-11-11,Pass,2023-11-10,Registration plate deteriorated but not likely to be misread,Essex Commercial MOT Centre,2022-11-11T13:45:00,Demo Admin
AMB156,2022-11-11,Pass,2023-11-10,,Southend Vehicle Test Centre,2022-11-11T13:50:00,Demo Admin
AMB202,2022-11-11,Pass,2023-11-10,Brake disc worn but not seriously weakened,Canvey Commercial Testing,2022-11-11T10:03:00,Demo Admin
AMB206,2022-11-11,Pass,2023-11-10,Nearside front tyre worn close to legal limit,Chelmsford Fleet Services,2022-11-11T12:58:00,Demo Admin
AMB112,2022-11-12,Pass,2023-11-11,,Southend Vehicle Test Centre,2022-11-12T16:25:00,Demo Admin
AMB209,2022-11-12,Pass,2023-11-11,Nearside front tyre worn close to legal limit,Southend Vehicle Test Centre,2022-11-12T10:04:00,Demo Admin
AMB136,2022-11-13,Pass,2023-11-12,Minor windscreen damage outside driver's view,Southend Vehicle Test Centre,2022-11-13T10:54:00,Demo Admin
AMB184,2022-11-13,Pass,2023-11-12,Registration plate deteriorated but not likely to be misread,Canvey Commercial Testing,2022-11-13T12:10:00,Demo Admin
AMB275,2022-11-13,Pass,2023-11-12,Brake disc worn but not seriously weakened,Chelmsford Fleet Services,2022-11-13T14:36:00,Demo Admin
AMB298,2022-11-13,Pass,2023-11-12,,Chelmsford Fleet Services,2022-11-13T12:53:00,Demo Admin
AMB292,2022-11-15,Pass,2023-11-14,Offside rear tyre worn close to legal limit,Chelmsford Fleet Services,2022-11-15T17:06:00,Demo Admin
AMB299,2022-11-16,Pass,2023-11-15,Registration plate deteriorated but not likely to be misread,Chelmsford Fleet Services,2022-11-16T13:15:00,Demo Admin
AMB208,2022-11-19,Pass,2023-11-18,,Essex Commercial MOT Centre,2022-11-19T15:55:00,Demo Admin
AMB285,2022-11-19,Pass,2023-11-18,,Chelmsford Fleet Services,2022-11-19T11:01:00,Demo Admin
AMB181,2022-11-20,Fail,,Headlamp not working,Chelmsford Fleet Services,2022-11-20T12:01:00,Demo Admin
AMB240,2022-11-21,Pass,2023-11-20,Brake disc worn but not seriously weakened,Canvey Commercial Testing,2022-11-21T16:01:00,Demo Admin
AMB295,2022-12-06,Pass,2023-12-05,"Oil leak, but not excessive",Canvey Commercial Testing,2022-12-06T13:01:00,Demo Admin
AMB110,2022-12-09,Pass,2023-12-08,"Oil leak, but not excessive",Essex Commercial MOT Centre,2022-12-09T09:04:00,Demo Admin
AMB233,2022-12-09,Pass,2023-12-08,,Essex Commercial MOT Centre,2022-12-09T09:08:00,Demo Admin
AMB257,2022-12-11,Pass,2023-12-10,"Oil leak, but not excessive",Chelmsford Fleet Services,2022-12-11T08:55:00,Demo Admin
AMB111,2022-12-12,Pass,2023-12-11,Registration plate deteriorated but not likely to be misread,Chelmsford Fleet Services,2022-12-12T12:26:00,Demo Admin
AMB120,2022-12-12,Pass,2023-12-11,Registration plate deteriorated but not likely to be misread,Essex Commercial MOT Centre,2022-12-12T09:19:00,Demo Admin
AMB185,2022-12-12,Pass,2023-12-11,,Essex Commercial MOT Centre,2022-12-12T16:49:00,Demo Admin
AMB277,2022-12-12,Pass,2023-12-11,"Oil leak, but not excessive",Southend Vehicle Test Centre,2022-12-12T10:47:00,Demo Admin
AMB263,2022-12-13,Pass,2023-12-12,Nearside front tyre worn close to legal limit,Southend Vehicle Test Centre,2022-12-13T14:19:00,Demo Admin
AMB194,2022-12-14,Pass,2023-12-13,Minor windscreen damage outside driver's view,Essex Commercial MOT Centre,2022-12-14T11:29:00,Demo Admin
AMB190,2022-12-17,Pass,2023-12-16,Offside rear tyre worn close to legal limit,Chelmsford Fleet Services,2022-12-17T08:13:00,Demo Admin
AMB266,2022-12-18,Pass,2023-12-17,Registration plate deteriorated but not likely to be misread,Essex Commercial MOT Centre,2022-12-18T17:18:00,Demo Admin
AMB281,2022-12-18,Pass,2023-12-17,"Oil leak, but not excessive",Canvey Commercial Testing,2022-12-18T16:18:00,Demo Admin
AMB155,2022-12-19,Pass,2023-12-18,Brake disc worn but not seriously weakened,Southend Vehicle Test Centre,2022-12-19T11:01:00,Demo Admin
AMB260,2022-12-19,Pass,2023-12-18,Offside rear tyre worn close to legal limit,Essex Commercial MOT Centre,2022-12-19T08:44:00,Demo Admin
AMB135,2022-12-21,Pass,2023-12-20,Minor windscreen damage outside driver's view,Southend Vehicle Test Centre,2022-12-21T15:00:00,Demo Admin
AMB177,2023-01-04,Pass,2024-01-03,Minor windscreen damage outside driver's view,Southend Vehicle Test Centre,2023-01-04T09:45:00,Demo Admin
AMB232,2023-01-08,Pass,2024-01-07,Offside rear tyre worn close to legal limit,Essex Commercial MOT Centre,2023-01-08T10:26:00,Demo Admin
AMB143,2023-01-09,Pass,2024-01-08,Slight play in steering linkage,Southend Vehicle Test Centre,2023-01-09T09:47:00,Demo Admin
AMB198,2023-01-10,Pass,2024-01-09,"Oil leak, but not excessive",Canvey Commercial Testing,2023-01-10T11:44:00,Demo Admin
AMB287,2023-01-10,Pass,2024-01-09,Registration plate deteriorated but not likely to be misread,Essex Commercial MOT Centre,2023-01-10T11:35:00,Demo Admin
AMB256,2023-01-11,Pass,2024-01-10,Nearside front tyre worn close to legal limit,Chelmsford Fleet Services,2023-01-11T15:11:00,Demo Admin
AMB145,2023-01-14,Pass,2024-01-13,Slight play in steering linkage,Chelmsford Fleet Services,2023-01-14T11:47:00,Demo Admin
AMB163,2023-01-15,Pass,2024-01-14,,Essex Commercial MOT Centre,2023-01-15T08:15:00,Demo Admin
AMB192,2023-01-15,Pass,2024-01-14,Slight play in steering linkage,Southend Vehicle Test Centre,2023-01-15T10:24:00,Demo Admin
AMB213,2023-01-15,Pass,2024-01-14,,Essex Commercial MOT Centre,2023-01-15T14:19:00,Demo Admin
AMB265,2023-01-15,Pass,2024-01-14,Slight play in steering linkage,Chelmsford Fleet Services,2023-01-15T10:17:00,Demo Admin
AMB104,2023-01-17,Pass,2024-01-16,Minor windscreen damage outside driver's view,Essex Commercial MOT Centre,2023-01-17T12:12:00,Demo Admin
AMB166,2023-01-17,Pass,2024-01-16,Registration plate deteriorated but not likely to be misread,Southend Vehicle Test Centre,2023-01-17T08:45:00,Demo Admin
AMB132,2023-01-20,Pass,2024-01-19,Offside rear tyre worn close to legal limit,Chelmsford Fleet Services,2023-01-20T13:12:00,Demo Admin
AMB176,2023-01-20,Pass,2024-01-19,,Canvey Commercial Testing,2023-01-20T17:17:00,Demo Admin
AMB261,2023-01-20,Pass,2024-01-19,,Chelmsford Fleet Services,2023-01-20T16:02:00,Demo Admin
AMB247,2023-01-24,Pass,2024-01-23,,Chelmsford Fleet Services,2023-01-24T10:52:00,Demo Admin
AMB239,2023-02-04,Pass,2024-02-03,,Essex Commercial MOT Centre,2023-02-04T15:44:00,Demo Admin
AMB293,2023-02-06,Pass,2024-02-05,Offside rear tyre worn close to legal limit,Essex Commercial MOT Centre,2023-02-06T16:46:00,Demo Admin
AMB125,2023-02-10,Pass,2024-02-09,Offside rear tyre worn close to legal limit,Canvey Commercial Testing,2023-02-10T14:08:00,Demo Admin
AMB186,2023-02-10,Pass,2024-02-09,Slight play in steering linkage,Southend Vehicle Test Centre,2023-02-10T09:49:00,Demo Admin
AMB207,2023-02-10,Pass,2024-02-09,Brake disc worn but not seriously weakened,Essex Commercial MOT Centre,2023-02-10T12:26:00,Demo Admin
AMB259,2023-02-11,Pass,2024-02-10,"Oil leak, but not excessive",Chelmsford Fleet Services,2023-02-11T13:18:00,Demo Admin
AMB203,2023-02-13,Pass,2024-02-12,,Essex Commercial MOT Centre,2023-02-13T12:30:00,Demo Admin
AMB114,2023-02-14,Pass,2024-02-13,"Oil leak, but not excessive",Chelmsford Fleet Services,2023-02-14T11:15:00,Demo Admin
AMB241,2023-02-14,Pass,2024-02-13,,Chelmsford Fleet Services,2023-02-14T11:21:00,Demo Admin
AMB250,2023-02-15,Pass,2024-02-14,Registration plate deteriorated but not likely to be misread,Southend Vehicle Test Centre,2023-02-15T15:18:00,Demo Admin
AMB165,2023-02-17,Pass,2024-02-16,"Oil leak, but not excessive",Canvey Commercial Testing,2023-02-17T13:57:00,Demo Admin
AMB142,2023-02-18,Pass,2024-02-17,"Oil leak, but not excessive",Southend Vehicle Test Centre,2023-02-18T15:15:00,Demo Admin
AMB167,2023-02-18,Pass,2024-02-17,,Chelmsford Fleet Services,2023-02-18T11:35:00,Demo Admin
AMB222,2023-02-21,Pass,2024-02-20,,Chelmsford Fleet Services,2023-02-21T14:41:00,Demo Admin
AMB151,2023-02-22,Pass,2024-02-21,Brake disc worn but not seriously weakened,Southend Vehicle Test Centre,2023-02-22T12:56:00,Demo Admin
AMB189,2023-02-22,Pass,2024-02-21,Brake disc worn but not seriously weakened,Chelmsford Fleet Services,2023-02-22T14:03:00,Demo Admin
AMB284,2023-02-22,Pass,2024-02-21,Offside rear tyre worn close to legal limit,Canvey Commercial Testing,2023-02-22T11:15:00,Demo Admin
AMB193,2023-03-06,Pass,2024-03-05,,Southend Vehicle Test Centre,2023-03-06T11:04:00,Demo Admin
AMB150,2023-03-07,Pass,2024-03-06,Offside rear tyre worn close to legal limit,Essex Commercial MOT Centre,2023-03-07T13:43:00,Demo Admin
AMB115,2023-03-12,Pass,2024-03-11,,Essex Commercial MOT Centre,2023-03-12T09:25:00,Demo Admin
AMB129,2023-03-13,Pass,2024-03-12,"Oil leak, but not excessive",Essex Commercial MOT Centre,2023-03-13T14:23:00,Demo Admin
AMB148,2023-03-14,Pass,2024-03-13,"Oil leak, but not excessive",Canvey Commercial Testing,2023-03-14T17:45:00,Demo Admin
AMB279,2023-03-14,Pass,2024-03-13,"Oil leak, but not excessive",Canvey Commercial Testing,2023-03-14T17:54:00,Demo Admin
AMB123,2023-03-15,Pass,2024-03-14,,Southend Vehicle Test Centre,2023-03-15T17:21:00,Demo Admin
AMB220,2023-03-15,Pass,2024-03-14,Nearside front tyre worn close to legal limit,Essex Commercial MOT Centre,2023-03-15T11:11:00,Demo Admin
AMB294,2023-03-15,Pass,2024-03-14,Minor windscreen damage outside driver's view,Canvey Commercial Testing,2023-03-15T10:53:00,Demo Admin
AMB289,2023-03-16,Pass,2024-03-15,Registration plate deteriorated but not likely to be misread,Chelmsford Fleet Services,2023-03-16T13:03:00,Demo Admin
AMB187,2023-03-17,Pass,2024-03-16,Brake disc worn but not seriously weakened,Chelmsford Fleet Services,2023-03-17T12:03:00,Demo Admin
AMB197,2023-03-17,Pass,2024-03-16,Nearside front tyre worn close to legal limit,Chelmsford Fleet Services,2023-03-17T15:27:00,Demo Admin
AMB230,2023-03-18,Pass,2024-03-17,,Chelmsford Fleet Services,2023-03-18T10:56:00,Demo Admin
AMB172,2023-03-20,Pass,2024-03-19,Nearside front tyre worn close to legal limit,Southend Vehicle Test Centre,2023-03-20T10:13:00,Demo Admin
AMB271,2023-03-21,Pass,2024-03-20,Minor windscreen damage outside driver's view,Essex Commercial MOT Centre,2023-03-21T15:03:00,Demo Admin
AMB283,2023-03-21,Pass,2024-03-20,Minor windscreen damage outside driver's view,Southend Vehicle Test Centre,2023-03-21T09:25:00,Demo Admin
AMB180,2023-03-23,Pass,2024-03-22,"Oil leak, but not excessive",Essex Commercial MOT Centre,2023-03-23T13:30:00,Demo Admin
AMB291,2023-04-03,Pass,2024-04-02,"Oil leak, but not excessive",Canvey Commercial Testing,2023-04-03T11:04:00,Demo Admin
AMB195,2023-04-07,Pass,2024-04-06,,Southend Vehicle Test Centre,2023-04-07T17:25:00,Demo Admin
AMB236,2023-04-11,Pass,2024-04-10,Slight play in steering linkage,Chelmsford Fleet Services,2023-04-11T08:13:00,Demo Admin
AMB173,2023-04-13,Pass,2024-04-12,Registration plate deteriorated but not likely to be misread,Southend Vehicle Test Centre,2023-04-13T17:10:00,Demo Admin
AMB273,2023-04-14,Pass,2024-04-13,Nearside front tyre worn close to legal limit,Essex Commercial MOT Centre,2023-04-14T13:54:00,Demo Admin
AMB205,2023-04-15,Pass,2024-04-14,"Oil leak, but not excessive",Essex Commercial MOT Centre,2023-04-15T15:11:00,Demo Admin
AMB211,2023-04-15,Pass,2024-04-14,Slight play in steering linkage,Chelmsford Fleet Services,2023-04-15T11:14:00,Demo Admin
AMB225,2023-04-17,Pass,2024-04-16,Offside rear tyre worn close to legal limit,Canvey Commercial Testing,2023-04-17T17:05:00,Demo Admin
AMB227,2023-04-18,Pass,2024-04-17,Brake disc worn but not seriously weakened,Chelmsford Fleet Services,2023-04-18T08:07:00,Demo Admin
AMB221,2023-04-19,Pass,2024-04-18,Registration plate deteriorated but not likely to be misread,Chelmsford Fleet Services,2023-04-19T12:53:00,Demo Admin
AMB243,2023-04-19,Pass,2024-04-18,Nearside front tyre worn close to legal limit,Essex Commercial MOT Centre,2023-04-19T16:55:00,Demo Admin
AMB272,2023-04-19,Pass,2024-04-18,Nearside front tyre worn close to legal limit,Southend Vehicle Test Centre,2023-04-19T10:18:00,Demo Admin
AMB109,2023-04-20,Pass,2024-04-19,Offside rear tyre worn close to legal limit,Chelmsford Fleet Services,2023-04-20T10:41:00,Demo Admin
AMB237,2023-04-20,Pass,2024-04-19,,Canvey Commercial Testing,2023-04-20T09:32:00,Demo Admin
AMB268,2023-04-21,Pass,2024-04-20,,Southend Vehicle Test Centre,2023-04-21T15:31:00,Demo Admin
AMB141,2023-04-22,Pass,2024-04-21,Offside rear tyre worn close to legal limit,Canvey Commercial Testing,2023-04-22T14:28:00,Demo Admin
AMB108,2023-05-03,Pass,2024-05-02,,Chelmsford Fleet Services,2023-05-03T11:45:00,Demo Admin
AMB228,2023-05-08,Pass,2024-05-07,,Essex Commercial MOT Centre,2023-05-08T14:22:00,Demo Admin
AMB251,2023-05-09,Pass,2024-05-08,,Southend Vehicle Test Centre,2023-05-09T15:14:00,Demo Admin
AMB290,2023-05-11,Pass,2024-05-10,,Essex Commercial MOT Centre,2023-05-11T12:08:00,Demo Admin
AMB297,2023-05-11,Pass,2024-05-10,Brake disc worn but not seriously weakened,Chelmsford Fleet Services,2023-05-11T14:37:00,Demo Admin
AMB170,2023-05-12,Pass,2024-05-11,Slight play in steering linkage,Essex Commercial MOT Centre,2023-05-12T16:20:00,Demo Admin
AMB139,2023-05-13,Pass,2024-05-12,,Essex Commercial MOT Centre,2023-05-13T17:10:00,Demo Admin
AMB219,2023-05-15,Pass,2024-05-14,,Canvey Commercial Testing,2023-05-15T17:17:00,Demo Admin
AMB140,2023-05-17,Fail,,Service brake performance below requirements,Canvey Commercial Testing,2023-05-17T08:12:00,Demo Admin
AMB269,2023-05-17,Pass,2024-05-16,Nearside front tyre worn close to legal limit,Canvey Commercial Testing,2023-05-17T16:48:00,Demo Admin
AMB276,2023-05-17,Pass,2024-05-16,Minor windscreen damage outside driver's view,Chelmsford Fleet Services,2023-05-17T15:18:00,Demo Admin
AMB124,2023-05-18,Pass,2024-05-17,Brake disc worn but not seriously weakened,Canvey Commercial Testing,2023-05-18T13:25:00,Demo Admin
AMB154,2023-05-20,Pass,2024-05-19,,Chelmsford Fleet Services,2023-05-20T17:29:00,Demo Admin
AMB191,2023-05-20,Pass,2024-05-19,,Essex Commercial MOT Centre,2023-05-20T09:40:00,Demo Admin
AMB229,2023-05-21,Pass,2024-05-20,Brake disc worn but not seriously weakened,Southend Vehicle Test Centre,2023-05-21T10:20:00,Demo Admin
AMB113,2023-05-26,Pass,2024-05-25,Minor windscreen damage outside driver's view,Southend Vehicle Test Centre,2023-05-26T13:12:00,Demo Admin
AMB118,2023-06-06,Pass,2024-06-05,,Southend Vehicle Test Centre,2023-06-06T17:56:00,Demo Admin
AMB158,2023-06-09,Pass,2024-06-08,Nearside front tyre worn close to legal limit,Chelmsford Fleet Services,2023-06-09T16:37:00,Demo Admin
AMB107,2023-06-11,Pass,2024-06-10,Slight play in steering linkage,Chelmsford Fleet Services,2023-06-11T11:46:00,Demo Admin
AMB274,2023-06-11,Pass,2024-06-10,Offside rear tyre worn close to legal limit,Chelmsford Fleet Services,2023-06-11T08:44:00,Demo Admin
AMB153,2023-06-12,Pass,2024-06-11,,Chelmsford Fleet Services,2023-06-12T15:00:00,Demo Admin
AMB231,2023-06-12,Pass,2024-06-11,"Oil leak, but not excessive",Southend Vehicle Test Centre,2023-06-12T15:24:00,Demo Admin
AMB162,2023-06-13,Pass,2024-06-12,Registration plate deteriorated but not likely to be misread,Canvey Commercial Testing,2023-06-13T14:58:00,Demo Admin
AMB245,2023-06-13,Pass,2024-06-12,"Oil leak, but not excessive",Canvey Commercial Testing,2023-06-13T15:42:00,Demo Admin
AMB103,2023-06-14,Pass,2024-06-13,Nearside front tyre worn close to legal limit,Southend Vehicle Test Centre,2023-06-14T12:10:00,Demo Admin
AMB288,2023-06-14,Pass,2024-06-13,Brake disc worn but not seriously weakened,Essex Commercial MOT Centre,2023-06-14T08:34:00,Demo Admin
AMB255,2023-06-15,Fail,,Suspension component excessively worn,Canvey Commercial Testing,2023-06-15T08:08:00,Demo Admin
AMB174,2023-06-17,Pass,2024-06-16,Minor windscreen damage outside driver's view,Southend Vehicle Test Centre,2023-06-17T17:56:00,Demo Admin
AMB196,2023-06-19,Pass,2024-06-18,,Canvey Commercial Testing,2023-06-19T11:51:00,Demo Admin
AMB138,2023-06-20,Pass,2024-06-19,Nearside front tyre worn close to legal limit,Essex Commercial MOT Centre,2023-06-20T09:39:00,Demo Admin
AMB253,2023-06-20,Pass,2024-06-19,Registration plate deteriorated but not likely to be misread,Canvey Commercial Testing,2023-06-20T13:27:00,Demo Admin
AMB119,2023-06-21,Pass,2024-06-20,,Southend Vehicle Test Centre,2023-06-21T09:08:00,Demo Admin
AMB175,2023-07-04,Pass,2024-07-03,"Oil leak, but not excessive",Canvey Commercial Testing,2023-07-04T14:18:00,Demo Admin
AMB252,2023-07-07,Pass,2024-07-06,Offside rear tyre worn close to legal limit,Essex Commercial MOT Centre,2023-07-07T17:09:00,Demo Admin
AMB105,2023-07-09,Pass,2024-07-08,Offside rear tyre worn close to legal limit,Essex Commercial MOT Centre,2023-07-09T08:19:00,Demo Admin
AMB183,2023-07-10,Pass,2024-07-09,Slight play in steering linkage,Essex Commercial MOT Centre,2023-07-10T16:11:00,Demo Admin
AMB106,2023-07-11,Pass,2024-07-10,"Oil leak, but not excessive",Essex Commercial MOT Centre,2023-07-11T13:00:00,Demo Admin
AMB133,2023-07-11,Pass,2024-07-10,Minor windscreen damage outside driver's view,Canvey Commercial Testing,2023-07-11T17:26:00,Demo Admin
AMB157,2023-07-13,Pass,2024-07-12,Nearside front tyre worn close to legal limit,Canvey Commercial Testing,2023-07-13T15:16:00,Demo Admin
AMB218,2023-07-15,Pass,2024-07-14,,Southend Vehicle Test Centre,2023-07-15T12:42:00,Demo Admin
AMB188,2023-07-16,Pass,2024-07-15,,Essex Commercial MOT Centre,2023-07-16T14:33:00,Demo Admin
AMB204,2023-07-17,Pass,2024-07-16,,Essex Commercial MOT Centre,2023-07-17T17:57:00,Demo Admin
AMB262,2023-07-17,Pass,2024-07-16,,Essex Commercial MOT Centre,2023-07-17T11:31:00,Demo Admin
AMB117,2023-07-19,Fail,,Tyre tread depth below legal minimum,Southend Vehicle Test Centre,2023-07-19T17:19:00,Demo Admin
AMB149,2023-07-19,Pass,2024-07-18,"Oil leak, but not excessive",Essex Commercial MOT Centre,2023-07-19T08:32:00,Demo Admin
AMB264,2023-07-20,Pass,2024-07-19,Registration plate deteriorated but not likely to be misread,Essex Commercial MOT Centre,2023-07-20T13:16:00,Demo Admin
AMB131,2023-07-21,Pass,2024-07-20,Slight play in steering linkage,Chelmsford Fleet Services,2023-07-21T08:58:00,Demo Admin
AMB280,2023-07-22,Pass,2024-07-21,Slight play in steering linkage,Southend Vehicle Test Centre,2023-07-22T15:30:00,Demo Admin
AMB248,2023-08-03,Pass,2024-08-02,,Chelmsford Fleet Services,2023-08-03T13:46:00,Demo Admin
AMB161,2023-08-04,Pass,2024-08-03,Offside rear tyre worn close to legal limit,Canvey Commercial Testing,2023-08-04T17:52:00,Demo Admin
AMB101,2023-08-05,Pass,2024-08-04,,Southend Vehicle Test Centre,2023-08-05T15:26:00,Demo Admin
AMB126,2023-08-05,Pass,2024-08-04,,Essex Commercial MOT Centre,2023-08-05T13:55:00,Demo Admin
AMB137,2023-08-08,Pass,2024-08-07,Minor windscreen damage outside driver's view,Essex Commercial MOT Centre,2023-08-08T15:25:00,Demo Admin
AMB254,2023-08-10,Pass,2024-08-09,,Chelmsford Fleet Services,2023-08-10T15:27:00,Demo Admin
AMB130,2023-08-12,Pass,2024-08-11,Nearside front tyre worn close to legal limit,Southend Vehicle Test Centre,2023-08-12T12:13:00,Demo Admin
AMB159,2023-08-12,Pass,2024-08-11,Slight play in steering linkage,Canvey Commercial Testing,2023-08-12T15:03:00,Demo Admin
AMB164,2023-08-12,Pass,2024-08-11,,Chelmsford Fleet Services,2023-08-12T11:48:00,Demo Admin
AMB215,2023-08-14,Pass,2024-08-13,,Canvey Commercial Testing,2023-08-14T08:30:00,Demo Admin
AMB182,2023-08-15,Pass,2024-08-14,,Chelmsford Fleet Services,2023-08-15T09:35:00,Demo Admin
AMB210,2023-08-15,Pass,2024-08-14,Minor windscreen damage outside driver's view,Southend Vehicle Test Centre,2023-08-15T16:47:00,Demo Admin
AMB226,2023-08-19,Pass,2024-08-18,,Southend Vehicle Test Centre,2023-08-19T12:23:00,Demo Admin
AMB258,2023-08-19,Pass,2024-08-18,Brake disc worn but not seriously weakened,Southend Vehicle Test Centre,2023-08-19T17:52:00,Demo Admin
AMB214,2023-08-20,Pass,2024-08-19,Minor windscreen damage outside driver's view,Canvey Commercial Testing,2023-08-20T17:38:00,Demo Admin
AMB127,2023-08-24,Pass,2024-08-23,"Oil leak, but not excessive",Chelmsford Fleet Services,2023-08-24T09:14:00,Demo Admin
AMB128,2023-09-05,Pass,2024-09-04,Nearside front tyre worn close to legal limit,Chelmsford Fleet Services,2023-09-05T15:07:00,Demo Admin
AMB201,2023-09-06,Pass,2024-09-05,,Essex Commercial MOT Centre,2023-09-06T13:46:00,Demo Admin
AMB168,2023-09-07,Pass,2024-09-06,Nearside front tyre worn close to legal limit,Canvey Commercial Testing,2023-09-07T12:30:00,Demo Admin
AMB178,2023-09-08,Pass,2024-09-07,Registration plate deteriorated but not likely to be misread,Essex Commercial MOT Centre,2023-09-08T11:00:00,Demo Admin
AMB296,2023-09-08,Pass,2024-09-07,Offside rear tyre worn close to legal limit,Southend Vehicle Test Centre,2023-09-08T17:04:00,Demo Admin
AMB179,2023-09-10,Pass,2024-09-09,,Canvey Commercial Testing,2023-09-10T10:25:00,Demo Admin
AMB282,2023-09-10,Pass,2024-09-09,,Southend Vehicle Test Centre,2023-09-10T16:54:00,Demo Admin
AMB116,2023-09-11,Pass,2024-09-10,,Southend Vehicle Test Centre,2023-09-11T15:02:00,Demo Admin
AMB199,2023-09-12,Pass,2024-09-11,,Canvey Commercial Testing,2023-09-12T14:45:00,Demo Admin
AMB200,2023-09-13,Pass,2024-09-12,,Canvey Commercial Testing,2023-09-13T14:10:00,Demo Admin
AMB242,2023-09-13,Fail,,Service brake performance below requirements,Canvey Commercial Testing,2023-09-13T14:17:00,Demo Admin
AMB216,2023-09-16,Pass,2024-09-15,Offside rear tyre worn close to legal limit,Chelmsford Fleet Services,2023-09-16T10:53:00,Demo Admin
AMB146,2023-09-18,Pass,2024-09-17,Nearside front tyre worn close to legal limit,Essex Commercial MOT Centre,2023-09-18T08:22:00,Demo Admin
AMB300,2023-09-19,Pass,2024-09-18,,Essex Commercial MOT Centre,2023-09-19T10:30:00,Demo Admin
AMB267,2023-09-20,Pass,2024-09-19,,Chelmsford Fleet Services,2023-09-20T14:33:00,Demo Admin
AMB223,2023-09-21,Pass,2024-09-20,,Chelmsford Fleet Services,2023-09-21T13:39:00,Demo Admin
AMB224,2023-10-05,Pass,2024-10-04,Nearside front tyre worn close to legal limit,Southend Vehicle Test Centre,2023-10-05T15:35:00,Demo Admin
AMB234,2023-10-06,Pass,2024-10-05,Offside rear tyre worn close to legal limit,Canvey Commercial Testing,2023-10-06T10:27:00,Demo Admin
AMB169,2023-10-08,Pass,2024-10-07,Slight play in steering linkage,Essex Commercial MOT Centre,2023-10-08T12:27:00,Demo Admin
AMB171,2023-10-09,Pass,2024-10-08,Minor windscreen damage outside driver's view,Southend Vehicle Test Centre,2023-10-09T12:28:00,Demo Admin
AMB102,2023-10-12,Pass,2024-10-11,Nearside front tyre worn close to legal limit,Canvey Commercial Testing,2023-10-12T08:22:00,Demo Admin
AMB122,2023-10-12,Pass,2024-10-11,Minor windscreen damage outside driver's view,Southend Vehicle Test Centre,2023-10-12T16:58:00,Demo Admin
AMB246,2023-10-12,Pass,2024-10-11,Brake disc worn but not seriously weakened,Essex Commercial MOT Centre,2023-10-12T17:03:00,Demo Admin
AMB144,2023-10-13,Pass,2024-10-12,,Chelmsford Fleet Services,2023-10-13T16:52:00,Demo Admin
AMB286,2023-10-14,Pass,2024-10-13,Minor windscreen damage outside driver's view,Southend Vehicle Test Centre,2023-10-14T08:31:00,Demo Admin
AMB244,2023-10-15,Pass,2024-10-14,Registration plate deteriorated but not likely to be misread,Essex Commercial MOT Centre,2023-10-15T10:27:00,Demo Admin
AMB249,2023-10-16,Pass,2024-10-15,Registration plate deteriorated but not likely to be misread,Chelmsford Fleet Services,2023-10-16T17:48:00,Demo Admin
AMB217,2023-10-17,Pass,2024-10-16,,Southend Vehicle Test Centre,2023-10-17T10:24:00,Demo Admin
AMB147,2023-10-19,Pass,2024-10-18,Offside rear tyre worn close to legal limit,Canvey Commercial Testing,2023-10-19T12:23:00,Demo Admin
AMB238,2023-10-20,Pass,2024-10-19,Minor windscreen damage outside driver's view,Canvey Commercial Testing,2023-10-20T13:12:00,Demo Admin
AMB152,2023-10-22,Pass,2024-10-21,Slight play in steering linkage,Chelmsford Fleet Services,2023-10-22T11:07:00,Demo Admin
AMB278,2023-10-22,Pass,2024-10-21,"Oil leak, but not excessive",Southend Vehicle Test Centre,2023-10-22T17:00:00,Demo Admin
AMB209,2023-11-03,Pass,2024-11-02,,Essex Commercial MOT Centre,2023-11-03T14:17:00,Demo Admin
AMB112,2023-11-07,Pass,2024-11-06,"Oil leak, but not excessive",Chelmsford Fleet Services,2023-11-07T13:19:00,Demo Admin
AMB212,2023-11-07,Pass,2024-11-06,Offside rear tyre worn close to legal limit,Chelmsford Fleet Services,2023-11-07T08:24:00,Demo Admin
AMB299,2023-11-09,Pass,2024-11-08,Brake disc worn but not seriously weakened,Southend Vehicle Test Centre,2023-11-09T15:02:00,Demo Admin
AMB121,2023-11-10,Pass,2024-11-09,Slight play in steering linkage,Southend Vehicle Test Centre,2023-11-10T13:16:00,Demo Admin
AMB160,2023-11-10,Pass,2024-11-09,Offside rear tyre worn close to legal limit,Essex Commercial MOT Centre,2023-11-10T08:14:00,Demo Admin
AMB275,2023-11-10,Pass,2024-11-09,Nearside front tyre worn close to legal limit,Southend Vehicle Test Centre,2023-11-10T08:09:00,Demo Admin
AMB156,2023-11-11,Pass,2024-11-10,Registration plate deteriorated but not likely to be misread,Canvey Commercial Testing,2023-11-11T17:38:00,Demo Admin
AMB270,2023-11-11,Pass,2024-11-10,Offside rear tyre worn close to legal limit,Southend Vehicle Test Centre,2023-11-11T10:04:00,Demo Admin
AMB134,2023-11-12,Pass,2024-11-11,Slight play in steering linkage,Southend Vehicle Test Centre,2023-11-12T12:22:00,Demo Admin
AMB136,2023-11-12,Pass,2024-11-11,,Chelmsford Fleet Services,2023-11-12T09:59:00,Demo Admin
AMB298,2023-11-12,Pass,2024-11-11,Nearside front tyre worn close to legal limit,Southend Vehicle Test Centre,2023-11-12T08:46:00,Demo Admin
AMB181,2023-11-13,Pass,2024-11-12,Registration plate deteriorated but not likely to be misread,Chelmsford Fleet Services,2023-11-13T15:31:00,Demo Admin
AMB202,2023-11-14,Pass,2024-11-13,Minor windscreen damage outside driver's view,Southend Vehicle Test Centre,2023-11-14T08:25:00,Demo Admin
AMB206,2023-11-14,Pass,2024-11-13,,Chelmsford Fleet Services,2023-11-14T09:42:00,Demo Admin
AMB208,2023-11-15,Pass,2024-11-14,Registration plate deteriorated but not likely to be misread,Essex Commercial MOT Centre,2023-11-15T10:58:00,Demo Admin
AMB235,2023-11-16,Pass,2024-11-15,Minor windscreen damage outside driver's view,Essex Commercial MOT Centre,2023-11-16T08:21:00,Demo Admin
AMB240,2023-11-17,Pass,2024-11-16,Minor windscreen damage outside driver's view,Chelmsford Fleet Services,2023-11-17T12:35:00,Demo Admin
AMB184,2023-11-18,Fail,,Suspension component excessively worn,Canvey Commercial Testing,2023-11-18T15:35:00,Demo Admin
AMB285,2023-11-18,Pass,2024-11-17,Offside rear tyre worn close to legal limit,Essex Commercial MOT Centre,2023-11-18T12:30:00,Demo Admin
AMB292,2023-11-21,Pass,2024-11-20,Offside rear tyre worn close to legal limit,Chelmsford Fleet Services,2023-11-21T12:56:00,Demo Admin
AMB263,2023-12-07,Pass,2024-12-06,Nearside front tyre worn close to legal limit,Essex Commercial MOT Centre,2023-12-07T11:05:00,Demo Admin
AMB120,2023-12-08,Pass,2024-12-07,Brake disc worn but not seriously weakened,Canvey Commercial Testing,2023-12-08T13:49:00,Demo Admin
AMB257,2023-12-10,Pass,2024-12-09,Brake disc worn but not seriously weakened,Canvey Commercial Testing,2023-12-10T13:21:00,Demo Admin
AMB281,2023-12-10,Pass,2024-12-09,"Oil leak, but not excessive",Canvey Commercial Testing,2023-12-10T12:36:00,Demo Admin
AMB155,2023-12-11,Fail,,Headlamp not working,Southend Vehicle Test Centre,2023-12-11T09:22:00,Demo Admin
AMB135,2023-12-12,Pass,2024-12-11,,Essex Commercial MOT Centre,2023-12-12T16:53:00,Demo Admin
AMB295,2023-12-12,Pass,2024-12-11,Nearside front tyre worn close to legal limit,Canvey Commercial Testing,2023-12-12T12:29:00,Demo Admin
AMB110,2023-12-13,Pass,2024-12-12,Slight play in steering linkage,Chelmsford Fleet Services,2023-12-13T08:56:00,Demo Admin
AMB111,2023-12-13,Pass,2024-12-12,Brake disc worn but not seriously weakened,Chelmsford Fleet Services,2023-12-13T13:16:00,Demo Admin
AMB277,2023-12-13,Pass,2024-12-12,Slight play in steering linkage,Essex Commercial MOT Centre,2023-12-13T12:12:00,Demo Admin
AMB185,2023-12-14,Pass,2024-12-13,Minor windscreen damage outside driver's view,Essex Commercial MOT Centre,2023-12-14T09:02:00,Demo Admin
AMB233,2023-12-17,Pass,2024-12-16,Nearside front tyre worn close to legal limit,Canvey Commercial Testing,2023-12-17T08:14:00,Demo Admin
AMB266,2023-12-18,Pass,2024-12-17,Registration plate deteriorated but not likely to be misread,Chelmsford Fleet Services,2023-12-18T14:50:00,Demo Admin
AMB190,2023-12-21,Pass,2024-12-20,Offside rear tyre worn close to legal limit,Canvey Commercial Testing,2023-12-21T09:07:00,Demo Admin
AMB260,2023-12-22,Pass,2024-12-21,Offside rear tyre worn close to legal limit,Canvey Commercial Testing,2023-12-22T14:30:00,Demo Admin
AMB194,2023-12-24,Pass,2024-12-23,Registration plate deteriorated but not likely to be misread,Canvey Commercial Testing,2023-12-24T10:07:00,Demo Admin
AMB177,2024-01-04,Pass,2025-01-03,Brake disc worn but not seriously weakened,Essex Commercial MOT Centre,2024-01-04T17:10:00,Demo Admin
AMB213,2024-01-08,Pass,2025-01-07,Brake disc worn but not seriously weakened,Chelmsford Fleet Services,2024-01-08T15:31:00,Demo Admin
AMB287,2024-01-10,Fail,,Tyre tread depth below legal minimum,Canvey Commercial Testing,2024-01-10T14:32:00,Demo Admin
AMB256,2024-01-12,Pass,2025-01-11,Minor windscreen damage outside driver's view,Essex Commercial MOT Centre,2024-01-12T11:06:00,Demo Admin
AMB104,2024-01-14,Pass,2025-01-13,,Essex Commercial MOT Centre,2024-01-14T17:49:00,Demo Admin
AMB163,2024-01-14,Pass,2025-01-13,,Chelmsford Fleet Services,2024-01-14T10:06:00,Demo Admin
AMB166,2024-01-15,Pass,2025-01-14,,Chelmsford Fleet Services,2024-01-15T12:08:00,Demo Admin
AMB198,2024-01-15,Pass,2025-01-14,Minor windscreen damage outside driver's view,Southend Vehicle Test Centre,2024-01-15T16:21:00,Demo Admin
AMB232,2024-01-15,Pass,2025-01-14,,Canvey Commercial Testing,2024-01-15T08:52:00,Demo Admin
AMB176,2024-01-16,Pass,2025-01-15,Offside rear tyre worn close to legal limit,Southend Vehicle Test Centre,2024-01-16T14:04:00,Demo Admin
AMB261,2024-01-16,Pass,2025-01-15,Brake disc worn but not seriously weakened,Canvey Commercial Testing,2024-01-16T17:33:00,Demo Admin
AMB145,2024-01-17,Pass,2025-01-16,,Southend Vehicle Test Centre,2024-01-17T11:47:00,Demo Admin
AMB143,2024-01-18,Pass,2025-01-17,,Chelmsford Fleet Services,2024-01-18T08:15:00,Demo Admin
AMB265,2024-01-19,Pass,2025-01-18,,Southend Vehicle Test Centre,2024-01-19T14:52:00,Demo Admin
AMB192,2024-01-21,Pass,2025-01-20,,Canvey Commercial Testing,2024-01-21T12:21:00,Demo Admin
AMB247,2024-01-21,Pass,2025-01-20,,Southend Vehicle Test Centre,2024-01-21T11:52:00,Demo Admin
AMB132,2024-01-22,Pass,2025-01-21,,Chelmsford Fleet Services,2024-01-22T17:41:00,Demo Admin
AMB125,2024-02-03,Pass,2025-02-02,,Southend Vehicle Test Centre,2024-02-03T10:22:00,Demo Admin
AMB114,2024-02-05,Pass,2025-02-04,,Canvey Commercial Testing,2024-02-05T16:53:00,Demo Admin
AMB203,2024-02-07,Pass,2025-02-06,,Canvey Commercial Testing,2024-02-07T12:55:00,Demo Admin
AMB186,2024-02-08,Pass,2025-02-07,"Oil leak, but not excessive",Canvey Commercial Testing,2024-02-08T08:55:00,Demo Admin
AMB293,2024-02-09,Pass,2025-02-08,,Chelmsford Fleet Services,2024-02-09T16:41:00,Demo Admin
AMB259,2024-02-10,Pass,2025-02-09,"Oil leak, but not excessive",Chelmsford Fleet Services,2024-02-10T17:33:00,Demo Admin
AMB239,2024-02-11,Fail,,Tyre tread depth below legal minimum,Southend Vehicle Test Centre,2024-02-11T16:01:00,Demo Admin
AMB142,2024-02-12,Pass,2025-02-11,Offside rear tyre worn close to legal limit,Southend Vehicle Test Centre,2024-02-12T15:24:00,Demo Admin
AMB207,2024-02-12,Pass,2025-02-11,Slight play in steering linkage,Chelmsford Fleet Services,2024-02-12T16:14:00,Demo Admin
AMB167,2024-02-17,Pass,2025-02-16,"Oil leak, but not excessive",Southend Vehicle Test Centre,2024-02-17T09:38:00,Demo Admin
AMB250,2024-02-17,Pass,2025-02-16,Offside rear tyre worn close to legal limit,Southend Vehicle Test Centre,2024-02-17T10:00:00,Demo Admin
AMB151,2024-02-19,Pass,2025-02-18,"Oil leak, but not excessive",Canvey Commercial Testing,2024-02-19T10:51:00,Demo Admin
AMB241,2024-02-19,Pass,2025-02-18,Nearside front tyre worn close to legal limit,Essex Commercial MOT Centre,2024-02-19T15:41:00,Demo Admin
AMB189,2024-02-20,Pass,2025-02-19,,Chelmsford Fleet Services,2024-02-20T09:24:00,Demo Admin
AMB222,2024-02-20,Pass,2025-02-19,Slight play in steering linkage,Essex Commercial MOT Centre,2024-02-20T09:26:00,Demo Admin
AMB284,2024-02-24,Pass,2025-02-23,Registration plate deteriorated but not likely to be misread,Essex Commercial MOT Centre,2024-02-24T15:48:00,Demo Admin
AMB165,2024-02-25,Pass,2025-02-24,"Oil leak, but not excessive",Essex Commercial MOT Centre,2024-02-25T14:13:00,Demo Admin
AMB123,2024-03-07,Pass,2025-03-06,Registration plate deteriorated but not likely to be misread,Chelmsford Fleet Services,2024-03-07T13:16:00,Demo Admin
AMB129,2024-03-10,Pass,2025-03-09,Nearside front tyre worn close to legal limit,Chelmsford Fleet Services,2024-03-10T11:09:00,Demo Admin
AMB150,2024-03-11,Pass,2025-03-10,Offside rear tyre worn close to legal limit,Chelmsford Fleet Services,2024-03-11T10:08:00,Demo Admin
AMB193,2024-03-12,Pass,2025-03-11,,Chelmsford Fleet Services,2024-03-12T09:49:00,Demo Admin
AMB279,2024-03-12,Pass,2025-03-11,Offside rear tyre worn close to legal limit,Canvey Commercial Testing,2024-03-12T13:08:00,Demo Admin
AMB180,2024-03-13,Pass,2025-03-12,Nearside front tyre worn close to legal limit,Chelmsford Fleet Services,2024-03-13T11:45:00,Demo Admin
AMB197,2024-03-13,Pass,2025-03-12,,Essex Commercial MOT Centre,2024-03-13T08:38:00,Demo Admin
AMB115,2024-03-14,Pass,2025-03-13,Brake disc worn but not seriously weakened,Essex Commercial MOT Centre,2024-03-14T10:33:00,Demo Admin
AMB289,2024-03-14,Pass,2025-03-13,Offside rear tyre worn close to legal limit,Canvey Commercial Testing,2024-03-14T13:34:00,Demo Admin
AMB294,2024-03-14,Pass,2025-03-13,"Oil leak, but not excessive",Canvey Commercial Testing,2024-03-14T15:26:00,Demo Admin
AMB187,2024-03-15,Pass,2025-03-14,,Canvey Commercial Testing,2024-03-15T10:56:00,Demo Admin
AMB220,2024-03-15,Pass,2025-03-14,"Oil leak, but not excessive",Essex Commercial MOT Centre,2024-03-15T17:30:00,Demo Admin
AMB172,2024-03-16,Pass,2025-03-15,,Essex Commercial MOT Centre,2024-03-16T13:00:00,Demo Admin
AMB230,2024-03-17,Pass,2025-03-16,,Essex Commercial MOT Centre,2024-03-17T11:57:00,Demo Admin
AMB148,2024-03-21,Pass,2025-03-20,Offside rear tyre worn close to legal limit,Canvey Commercial Testing,2024-03-21T13:20:00,Demo Admin
AMB271,2024-03-23,Pass,2025-03-22,Slight play in steering linkage,Canvey Commercial Testing,2024-03-23T10:13:00,Demo Admin
AMB283,2024-03-25,Pass,2025-03-24,,Chelmsford Fleet Services,2024-03-25T14:36:00,Demo Admin
AMB195,2024-04-10,Pass,2025-04-09,Brake disc worn but not seriously weakened,Essex Commercial MOT Centre,2024-04-10T08:34:00,Demo Admin
AMB291,2024-04-10,Pass,2025-04-09,,Chelmsford Fleet Services,2024-04-10T17:51:00,Demo Admin
AMB272,2024-04-11,Fail,,Headlamp not working,Southend Vehicle Test Centre,2024-04-11T11:50:00,Demo Admin
AMB205,2024-04-13,Pass,2025-04-12,Nearside front tyre worn close to legal limit,Southend Vehicle Test Centre,2024-04-13T10:00:00,Demo Admin
AMB109,2024-04-14,Pass,2025-04-13,,Southend Vehicle Test Centre,2024-04-14T11:21:00,Demo Admin
AMB211,2024-04-14,Pass,2025-04-13,Registration plate deteriorated but not likely to be misread,Essex Commercial MOT Centre,2024-04-14T13:32:00,Demo Admin
AMB236,2024-04-15,Pass,2025-04-14,"Oil leak, but not excessive",Canvey Commercial Testing,2024-04-15T13:23:00,Demo Admin
AMB225,2024-04-16,Pass,2025-04-15,"Oil leak, but not excessive",Southend Vehicle Test Centre,2024-04-16T13:22:00,Demo Admin
AMB273,2024-04-18,Pass,2025-04-17,Minor windscreen damage outside driver's view,Chelmsford Fleet Services,2024-04-18T14:18:00,Demo Admin
AMB173,2024-04-19,Pass,2025-04-18,Nearside front tyre worn close to legal limit,Canvey Commercial Testing,2024-04-19T09:35:00,Demo Admin
AMB237,2024-04-19,Pass,2025-04-18,Slight play in steering linkage,Chelmsford Fleet Services,2024-04-19T11:36:00,Demo Admin
AMB141,2024-04-21,Pass,2025-04-20,,Southend Vehicle Test Centre,2024-04-21T15:15:00,Demo Admin
AMB221,2024-04-21,Pass,2025-04-20,,Chelmsford Fleet Services,2024-04-21T09:53:00,Demo Admin
AMB243,2024-04-22,Pass,2025-04-21,Offside rear tyre worn close to legal limit,Canvey Commercial Testing,2024-04-22T17:13:00,Demo Admin
AMB227,2024-04-23,Pass,2025-04-22,Registration plate deteriorated but not likely to be misread,Chelmsford Fleet Services,2024-04-23T16:37:00,Demo Admin
AMB268,2024-04-25,Pass,2025-04-24,Brake disc worn but not seriously weakened,Essex Commercial MOT Centre,2024-04-25T16:41:00,Demo Admin
AMB228,2024-05-05,Pass,2025-05-04,Registration plate deteriorated but not likely to be misread,Chelmsford Fleet Services,2024-05-05T10:55:00,Demo Admin
AMB140,2024-05-08,Pass,2025-05-07,Brake disc worn but not seriously weakened,Canvey Commercial Testing,2024-05-08T08:48:00,Demo Admin
AMB297,2024-05-08,Pass,2025-05-07,Registration plate deteriorated but not likely to be misread,Southend Vehicle Test Centre,2024-05-08T16:41:00,Demo Admin
AMB139,2024-05-09,Pass,2025-05-08,Nearside front tyre worn close to legal limit,Canvey Commercial Testing,2024-05-09T09:58:00,Demo Admin
AMB290,2024-05-11,Pass,2025-05-10,,Essex Commercial MOT Centre,2024-05-11T09:02:00,Demo Admin
AMB154,2024-05-12,Pass,2025-05-11,"Oil leak, but not excessive",Chelmsford Fleet Services,2024-05-12T09:20:00,Demo Admin
AMB108,2024-05-13,Pass,2025-05-12,"Oil leak, but not excessive",Essex Commercial MOT Centre,2024-05-13T17:32:00,Demo Admin
AMB170,2024-05-13,Pass,2025-05-12,Registration plate deteriorated but not likely to be misread,Essex Commercial MOT Centre,2024-05-13T12:43:00,Demo Admin
AMB269,2024-05-14,Pass,2025-05-13,"Oil leak, but not excessive",Essex Commercial MOT Centre,2024-05-14T17:33:00,Demo Admin
AMB251,2024-05-16,Pass,2025-05-15,,Chelmsford Fleet Services,2024-05-16T08:53:00,Demo Admin
AMB276,2024-05-16,Pass,2025-05-15,,Chelmsford Fleet Services,2024-05-16T09:02:00,Demo Admin
AMB124,2024-05-18,Pass,2025-05-17,Offside rear tyre worn close to legal limit,Canvey Commercial Testing,2024-05-18T14:21:00,Demo Admin
AMB219,2024-05-21,Pass,2025-05-20,Brake disc worn but not seriously weakened,Southend Vehicle Test Centre,2024-05-21T14:02:00,Demo Admin
AMB113,2024-05-22,Pass,2025-05-21,,Chelmsford Fleet Services,2024-05-22T15:42:00,Demo Admin
AMB229,2024-05-23,Pass,2025-05-22,,Essex Commercial MOT Centre,2024-05-23T09:39:00,Demo Admin
AMB191,2024-05-24,Pass,2025-05-23,Slight play in steering linkage,Chelmsford Fleet Services,2024-05-24T16:34:00,Demo Admin
AMB158,2024-06-03,Pass,2025-06-02,Registration plate deteriorated but not likely to be misread,Chelmsford Fleet Services,2024-06-03T08:18:00,Demo Admin
AMB274,2024-06-04,Pass,2025-06-03,,Essex Commercial MOT Centre,2024-06-04T13:25:00,Demo Admin
AMB118,2024-06-05,Pass,2025-06-04,,Essex Commercial MOT Centre,2024-06-05T08:02:00,Demo Admin
AMB103,2024-06-11,Pass,2025-06-10,Offside rear tyre worn close to legal limit,Chelmsford Fleet Services,2024-06-11T09:57:00,Demo Admin
AMB255,2024-06-12,Pass,2025-06-11,Offside rear tyre worn close to legal limit,Chelmsford Fleet Services,2024-06-12T11:58:00,Demo Admin
AMB107,2024-06-13,Pass,2025-06-12,,Chelmsford Fleet Services,2024-06-13T14:15:00,Demo Admin
AMB153,2024-06-14,Pass,2025-06-13,Brake disc worn but not seriously weakened,Essex Commercial MOT Centre,2024-06-14T11:46:00,Demo Admin
AMB196,2024-06-14,Pass,2025-06-13,,Chelmsford Fleet Services,2024-06-14T11:31:00,Demo Admin
AMB245,2024-06-14,Pass,2025-06-13,Offside rear tyre worn close to legal limit,Chelmsford Fleet Services,2024-06-14T08:30:00,Demo Admin
AMB119,2024-06-15,Pass,2025-06-14,"Oil leak, but not excessive",Southend Vehicle Test Centre,2024-06-15T08:32:00,Demo Admin
AMB174,2024-06-16,Pass,2025-06-15,Brake disc worn but not seriously weakened,Southend Vehicle Test Centre,2024-06-16T15:02:00,Demo Admin
AMB138,2024-06-19,Fail,,Tyre tread depth below legal minimum,Canvey Commercial Testing,2024-06-19T08:17:00,Demo Admin
AMB162,2024-06-20,Pass,2025-06-19,Slight play in steering linkage,Chelmsford Fleet Services,2024-06-20T09:22:00,Demo Admin
AMB253,2024-06-20,Pass,2025-06-19,Brake disc worn but not seriously weakened,Essex Commercial MOT Centre,2024-06-20T13:47:00,Demo Admin
AMB231,2024-06-21,Pass,2025-06-20,Slight play in steering linkage,Chelmsford Fleet Services,2024-06-21T08:55:00,Demo Admin
AMB288,2024-06-21,Pass,2025-06-20,Nearside front tyre worn close to legal limit,Chelmsford Fleet Services,2024-06-21T09:01:00,Demo Admin
AMB106,2024-07-05,Pass,2025-07-04,Slight play in steering linkage,Canvey Commercial Testing,2024-07-05T13:24:00,Demo Admin
AMB252,2024-07-07,Pass,2025-07-06,Nearside front tyre worn close to legal limit,Chelmsford Fleet Services,2024-07-07T14:41:00,Demo Admin
AMB133,2024-07-09,Pass,2025-07-08,,Southend Vehicle Test Centre,2024-07-09T08:40:00,Demo Admin
AMB183,2024-07-09,Pass,2025-07-08,Registration plate deteriorated but not likely to be misread,Canvey Commercial Testing,2024-07-09T09:55:00,Demo Admin
AMB175,2024-07-10,Pass,2025-07-09,Minor windscreen damage outside driver's view,Canvey Commercial Testing,2024-07-10T15:01:00,Demo Admin
AMB204,2024-07-12,Pass,2025-07-11,,Southend Vehicle Test Centre,2024-07-12T10:48:00,Demo Admin
AMB117,2024-07-13,Pass,2025-07-12,Brake disc worn but not seriously weakened,Essex Commercial MOT Centre,2024-07-13T10:22:00,Demo Admin
AMB188,2024-07-15,Pass,2025-07-14,Brake disc worn but not seriously weakened,Essex Commercial MOT Centre,2024-07-15T09:38:00,Demo Admin
AMB105,2024-07-16,Pass,2025-07-15,,Essex Commercial MOT Centre,2024-07-16T16:02:00,Demo Admin
AMB131,2024-07-16,Pass,2025-07-15,"Oil leak, but not excessive",Southend Vehicle Test Centre,2024-07-16T17:27:00,Demo Admin
AMB157,2024-07-17,Pass,2025-07-16,,Essex Commercial MOT Centre,2024-07-17T08:46:00,Demo Admin
AMB262,2024-07-18,Pass,2025-07-17,Registration plate deteriorated but not likely to be misread,Chelmsford Fleet Services,2024-07-18T17:58:00,Demo Admin
AMB264,2024-07-18,Pass,2025-07-17,Minor windscreen damage outside driver's view,Chelmsford Fleet Services,2024-07-18T12:40:00,Demo Admin
AMB218,2024-07-21,Pass,2025-07-20,,Essex Commercial MOT Centre,2024-07-21T17:30:00,Demo Admin
AMB149,2024-07-22,Pass,2025-07-21,Registration plate deteriorated but not likely to be misread,Chelmsford Fleet Services,2024-07-22T08:51:00,Demo Admin
AMB280,2024-07-22,Pass,2025-07-21,Nearside front tyre worn close to legal limit,Canvey Commercial Testing,2024-07-22T09:16:00,Demo Admin
AMB101,2024-08-03,Pass,2025-08-02,Registration plate deteriorated but not likely to be misread,Southend Vehicle Test Centre,2024-08-03T13:22:00,Demo Admin
AMB248,2024-08-06,Pass,2025-08-05,Registration plate deteriorated but not likely to be misread,Southend Vehicle Test Centre,2024-08-06T08:41:00,Demo Admin
AMB161,2024-08-07,Pass,2025-08-06,Minor windscreen damage outside driver's view,Canvey Commercial Testing,2024-08-07T11:42:00,Demo Admin
AMB254,2024-08-08,Pass,2025-08-07,,Chelmsford Fleet Services,2024-08-08T08:18:00,Demo Admin
AMB126,2024-08-11,Pass,2025-08-10,Registration plate deteriorated but not likely to be misread,Essex Commercial MOT Centre,2024-08-11T09:46:00,Demo Admin
AMB182,2024-08-11,Pass,2025-08-10,Brake disc worn but not seriously weakened,Essex Commercial MOT Centre,2024-08-11T14:57:00,Demo Admin
AMB164,2024-08-13,Pass,2025-08-12,,Chelmsford Fleet Services,2024-08-13T09:23:00,Demo Admin
AMB215,2024-08-13,Pass,2025-08-12,Nearside front tyre worn close to legal limit,Southend Vehicle Test Centre,2024-08-13T08:34:00,Demo Admin
AMB159,2024-08-16,Pass,2025-08-15,"Oil leak, but not excessive",Canvey Commercial Testing,2024-08-16T16:05:00,Demo Admin
AMB210,2024-08-16,Pass,2025-08-15,Slight play in steering linkage,Essex Commercial MOT Centre,2024-08-16T14:40:00,Demo Admin
AMB130,2024-08-18,Pass,2025-08-17,Offside rear tyre worn close to legal limit,Canvey Commercial Testing,2024-08-18T17:51:00,Demo Admin
AMB137,2024-08-18,Pass,2025-08-17,Offside rear tyre worn close to legal limit,Essex Commercial MOT Centre,2024-08-18T15:00:00,Demo Admin
AMB226,2024-08-19,Fail,,Service brake performance below requirements,Canvey Commercial Testing,2024-08-19T08:30:00,Demo Admin
AMB258,2024-08-19,Pass,2025-08-18,Minor windscreen damage outside driver's view,Canvey Commercial Testing,2024-08-19T16:56:00,Demo Admin
AMB214,2024-08-20,Pass,2025-08-19,,Canvey Commercial Testing,2024-08-20T17:34:00,Demo Admin
AMB127,2024-08-23,Pass,2025-08-22,Nearside front tyre worn close to legal limit,Chelmsford Fleet Services,2024-08-23T13:04:00,Demo Admin
AMB168,2024-09-07,Pass,2025-09-06,Slight play in steering linkage,Chelmsford Fleet Services,2024-09-07T15:19:00,Demo Admin
AMB128,2024-09-08,Pass,2025-09-07,Offside rear tyre worn close to legal limit,Essex Commercial MOT Centre,2024-09-08T13:00:00,Demo Admin
AMB201,2024-09-08,Fail,,Headlamp not working,Chelmsford Fleet Services,2024-09-08T13:46:00,Demo Admin
AMB282,2024-09-08,Pass,2025-09-07,Minor windscreen damage outside driver's view,Essex Commercial MOT Centre,2024-09-08T17:34:00,Demo Admin
AMB199,2024-09-11,Pass,2025-09-10,,Chelmsford Fleet Services,2024-09-11T11:24:00,Demo Admin
AMB300,2024-09-11,Pass,2025-09-10,,Southend Vehicle Test Centre,2024-09-11T11:49:00,Demo Admin
AMB179,2024-09-13,Pass,2025-09-12,Nearside front tyre worn close to legal limit,Chelmsford Fleet Services,2024-09-13T14:38:00,Demo Admin
AMB200,2024-09-13,Pass,2025-09-12,Minor windscreen damage outside driver's view,Chelmsford Fleet Services,2024-09-13T09:33:00,Demo Admin
AMB116,2024-09-14,Pass,2025-09-13,Nearside front tyre worn close to legal limit,Chelmsford Fleet Services,2024-09-14T12:39:00,Demo Admin
AMB146,2024-09-15,Pass,2025-09-14,Offside rear tyre worn close to legal limit,Canvey Commercial Testing,2024-09-15T17:19:00,Demo Admin
AMB178,2024-09-15,Pass,2025-09-14,,Southend Vehicle Test Centre,2024-09-15T13:03:00,Demo Admin
AMB296,2024-09-15,Pass,2025-09-14,"Oil leak, but not excessive",Chelmsford Fleet Services,2024-09-15T08:16:00,Demo Admin
AMB242,2024-09-18,Pass,2025-09-17,Registration plate deteriorated but not likely to be misread,Chelmsford Fleet Services,2024-09-18T14:54:00,Demo Admin
AMB223,2024-09-20,Pass,2025-09-19,Nearside front tyre worn close to legal limit,Southend Vehicle Test Centre,2024-09-20T12:44:00,Demo Admin
AMB267,2024-09-20,Fail,,Tyre tread depth below legal minimum,Essex Commercial MOT Centre,2024-09-20T12:20:00,Demo Admin
AMB216,2024-09-21,Pass,2025-09-20,Minor windscreen damage outside driver's view,Essex Commercial MOT Centre,2024-09-21T16:26:00,Demo Admin
AMB224,2024-10-06,Pass,2025-10-05,Brake disc worn but not seriously weakened,Southend Vehicle Test Centre,2024-10-06T17:58:00,Demo Admin
AMB169,2024-10-09,Pass,2025-10-08,,Chelmsford Fleet Services,2024-10-09T15:07:00,Demo Admin
AMB286,2024-10-09,Pass,2025-10-08,Brake disc worn but not seriously weakened,Southend Vehicle Test Centre,2024-10-09T09:11:00,Demo Admin
AMB171,2024-10-10,Pass,2025-10-09,,Essex Commercial MOT Centre,2024-10-10T10:43:00,Demo Admin
AMB234,2024-10-11,Pass,2025-10-10,Registration plate deteriorated but not likely to be misread,Southend Vehicle Test Centre,2024-10-11T10:37:00,Demo Admin
AMB246,2024-10-11,Pass,2025-10-10,Offside rear tyre worn close to legal limit,Southend Vehicle Test Centre,2024-10-11T10:43:00,Demo Admin
AMB244,2024-10-12,Pass,2025-10-11,Minor windscreen damage outside driver's view,Canvey Commercial Testing,2024-10-12T09:47:00,Demo Admin
AMB249,2024-10-13,Pass,2025-10-12,"Oil leak, but not excessive",Essex Commercial MOT Centre,2024-10-13T10:43:00,Demo Admin
AMB144,2024-10-14,Pass,2025-10-13,Offside rear tyre worn close to legal limit,Southend Vehicle Test Centre,2024-10-14T08:24:00,Demo Admin
AMB122,2024-10-15,Pass,2025-10-14,Registration plate deteriorated but not likely to be misread,Essex Commercial MOT Centre,2024-10-15T14:35:00,Demo Admin
AMB102,2024-10-17,Pass,2025-10-16,,Essex Commercial MOT Centre,2024-10-17T16:44:00,Demo Admin
AMB217,2024-10-19,Pass,2025-10-18,Nearside front tyre worn close to legal limit,Chelmsford Fleet Services,2024-10-19T08:20:00,Demo Admin
AMB278,2024-10-20,Pass,2025-10-19,Registration plate deteriorated but not likely to be misread,Canvey Commercial Testing,2024-10-20T16:55:00,Demo Admin
AMB238,2024-10-21,Pass,2025-10-20,,Chelmsford Fleet Services,2024-10-21T15:38:00,Demo Admin
AMB152,2024-10-22,Pass,2025-10-21,Offside rear tyre worn close to legal limit,Essex Commercial MOT Centre,2024-10-22T11:34:00,Demo Admin
AMB147,2024-10-23,Pass,2025-10-22,"Oil leak, but not excessive",Chelmsford Fleet Services,2024-10-23T08:02:00,Demo Admin
AMB134,2024-11-05,Pass,2025-11-04,,Southend Vehicle Test Centre,2024-11-05T16:02:00,Demo Admin
AMB136,2024-11-05,Pass,2025-11-04,,Southend Vehicle Test Centre,2024-11-05T09:47:00,Demo Admin
AMB270,2024-11-08,Pass,2025-11-07,,Canvey Commercial Testing,2024-11-08T17:17:00,Demo Admin
AMB275,2024-11-08,Pass,2025-11-07,Registration plate deteriorated but not likely to be misread,Essex Commercial MOT Centre,2024-11-08T16:41:00,Demo Admin
AMB156,2024-11-10,Pass,2025-11-09,Slight play in steering linkage,Chelmsford Fleet Services,2024-11-10T15:18:00,Demo Admin
AMB299,2024-11-10,Pass,2025-11-09,,Chelmsford Fleet Services,2024-11-10T08:33:00,Demo Admin
AMB202,2024-11-11,Pass,2025-11-10,"Oil leak, but not excessive",Chelmsford Fleet Services,2024-11-11T08:46:00,Demo Admin
AMB235,2024-11-11,Pass,2025-11-10,Minor windscreen damage outside driver's view,Southend Vehicle Test Centre,2024-11-11T16:41:00,Demo Admin
AMB160,2024-11-12,Pass,2025-11-11,Slight play in steering linkage,Southend Vehicle Test Centre,2024-11-12T10:09:00,Demo Admin
AMB209,2024-11-12,Pass,2025-11-11,,Canvey Commercial Testing,2024-11-12T14:36:00,Demo Admin
AMB212,2024-11-13,Pass,2025-11-12,Brake disc worn but not seriously weakened,Southend Vehicle Test Centre,2024-11-13T11:08:00,Demo Admin
AMB206,2024-11-14,Pass,2025-11-13,Offside rear tyre worn close to legal limit,Chelmsford Fleet Services,2024-11-14T12:09:00,Demo Admin
AMB112,2024-11-15,Pass,2025-11-14,Nearside front tyre worn close to legal limit,Southend Vehicle Test Centre,2024-11-15T14:06:00,Demo Admin
AMB121,2024-11-15,Pass,2025-11-14,Registration plate deteriorated but not likely to be misread,Canvey Commercial Testing,2024-11-15T11:49:00,Demo Admin
AMB184,2024-11-16,Pass,2025-11-15,Nearside front tyre worn close to legal limit,Chelmsford Fleet Services,2024-11-16T09:57:00,Demo Admin
AMB298,2024-11-18,Pass,2025-11-17,,Canvey Commercial Testing,2024-11-18T11:59:00,Demo Admin
AMB181,2024-11-20,Pass,2025-11-19,,Canvey Commercial Testing,2024-11-20T08:02:00,Demo Admin
AMB240,2024-11-20,Pass,2025-11-19,Slight play in steering linkage,Chelmsford Fleet Services,2024-11-20T10:56:00,Demo Admin
AMB292,2024-11-22,Pass,2025-11-21,Nearside front tyre worn close to legal limit,Southend Vehicle Test Centre,2024-11-22T10:24:00,Demo Admin
AMB208,2024-11-23,Pass,2025-11-22,Minor windscreen damage outside driver's view,Canvey Commercial Testing,2024-11-23T09:30:00,Demo Admin
AMB285,2024-11-24,Pass,2025-11-23,Registration plate deteriorated but not likely to be misread,Chelmsford Fleet Services,2024-11-24T17:51:00,Demo Admin
AMB257,2024-12-05,Pass,2025-12-04,,Chelmsford Fleet Services,2024-12-05T13:31:00,Demo Admin
AMB263,2024-12-07,Pass,2025-12-06,,Chelmsford Fleet Services,2024-12-07T11:32:00,Demo Admin
AMB281,2024-12-08,Pass,2025-12-07,Minor windscreen damage outside driver's view,Southend Vehicle Test Centre,2024-12-08T13:08:00,Demo Admin
AMB111,2024-12-12,Pass,2025-12-11,Nearside front tyre worn close to legal limit,Chelmsford Fleet Services,2024-12-12T09:47:00,Demo Admin
AMB120,2024-12-12,Pass,2025-12-11,Nearside front tyre worn close to legal limit,Southend Vehicle Test Centre,2024-12-12T11:40:00,Demo Admin
AMB277,2024-12-12,Pass,2025-12-11,Minor windscreen damage outside driver's view,Southend Vehicle Test Centre,2024-12-12T08:45:00,Demo Admin
AMB135,2024-12-14,Pass,2025-12-13,Slight play in steering linkage,Essex Commercial MOT Centre,2024-12-14T13:28:00,Demo Admin
AMB155,2024-12-14,Pass,2025-12-13,,Southend Vehicle Test Centre,2024-12-14T16:42:00,Demo Admin
AMB295,2024-12-14,Pass,2025-12-13,,Southend Vehicle Test Centre,2024-12-14T12:52:00,Demo Admin
AMB194,2024-12-16,Pass,2025-12-15,Offside rear tyre worn close to legal limit,Essex Commercial MOT Centre,2024-12-16T10:37:00,Demo Admin
AMB233,2024-12-17,Pass,2025-12-16,Slight play in steering linkage,Canvey Commercial Testing,2024-12-17T16:13:00,Demo Admin
AMB260,2024-12-17,Pass,2025-12-16,"Oil leak, but not excessive",Essex Commercial MOT Centre,2024-12-17T16:55:00,Demo Admin
AMB110,2024-12-19,Pass,2025-12-18,Nearside front tyre worn close to legal limit,Southend Vehicle Test Centre,2024-12-19T17:44:00,Demo Admin
AMB185,2024-12-19,Fail,,Service brake performance below requirements,Chelmsford Fleet Services,2024-12-19T09:40:00,Demo Admin
AMB190,2024-12-20,Pass,2025-12-19,"Oil leak, but not excessive",Chelmsford Fleet Services,2024-12-20T11:27:00,Demo Admin
AMB266,2024-12-23,Pass,2025-12-22,,Southend Vehicle Test Centre,2024-12-23T08:35:00,Demo Admin
AMB177,2025-01-04,Pass,2026-01-03,Slight play in steering linkage,Essex Commercial MOT Centre,2025-01-04T11:06:00,Demo Admin
AMB256,2025-01-07,Pass,2026-01-06,Nearside front tyre worn close to legal limit,Canvey Commercial Testing,2025-01-07T12:32:00,Demo Admin
AMB163,2025-01-09,Pass,2026-01-08,Nearside front tyre worn close to legal limit,Southend Vehicle Test Centre,2025-01-09T08:43:00,Demo Admin
AMB145,2025-01-10,Pass,2026-01-09,Slight play in steering linkage,Canvey Commercial Testing,2025-01-10T15:58:00,Demo Admin
AMB143,2025-01-12,Pass,2026-01-11,Registration plate deteriorated but not likely to be misread,Chelmsford Fleet Services,2025-01-12T13:31:00,Demo Admin
AMB198,2025-01-12,Pass,2026-01-11,Offside rear tyre worn close to legal limit,Chelmsford Fleet Services,2025-01-12T08:59:00,Demo Admin
AMB132,2025-01-15,Pass,2026-01-14,,Essex Commercial MOT Centre,2025-01-15T15:23:00,Demo Admin
AMB232,2025-01-15,Pass,2026-01-14,Nearside front tyre worn close to legal limit,Southend Vehicle Test Centre,2025-01-15T09:10:00,Demo Admin
AMB104,2025-01-16,Pass,2026-01-15,,Southend Vehicle Test Centre,2025-01-16T15:57:00,Demo Admin
AMB176,2025-01-17,Pass,2026-01-16,,Essex Commercial MOT Centre,2025-01-17T08:51:00,Demo Admin
AMB287,2025-01-17,Pass,2026-01-16,,Chelmsford Fleet Services,2025-01-17T15:49:00,Demo Admin
AMB213,2025-01-18,Pass,2026-01-17,Offside rear tyre worn close to legal limit,Southend Vehicle Test Centre,2025-01-18T17:58:00,Demo Admin
AMB265,2025-01-18,Pass,2026-01-17,"Oil leak, but not excessive",Canvey Commercial Testing,2025-01-18T13:40:00,Demo Admin
AMB166,2025-01-19,Pass,2026-01-18,,Essex Commercial MOT Centre,2025-01-19T15:07:00,Demo Admin
AMB192,2025-01-19,Pass,2026-01-18,,Canvey Commercial Testing,2025-01-19T13:32:00,Demo Admin
AMB247,2025-01-20,Pass,2026-01-19,Brake disc worn but not seriously weakened,Canvey Commercial Testing,2025-01-20T09:05:00,Demo Admin
AMB261,2025-01-21,Pass,2026-01-20,"Oil leak, but not excessive",Essex Commercial MOT Centre,2025-01-21T16:41:00,Demo Admin
AMB125,2025-02-03,Pass,2026-02-02,"Oil leak, but not excessive",Canvey Commercial Testing,2025-02-03T14:38:00,Demo Admin
AMB114,2025-02-04,Pass,2026-02-03,Nearside front tyre worn close to legal limit,Canvey Commercial Testing,2025-02-04T12:50:00,Demo Admin
AMB293,2025-02-07,Pass,2026-02-06,Slight play in steering linkage,Canvey Commercial Testing,2025-02-07T13:53:00,Demo Admin
AMB250,2025-02-09,Pass,2026-02-08,,Essex Commercial MOT Centre,2025-02-09T13:37:00,Demo Admin
AMB207,2025-02-10,Pass,2026-02-09,,Canvey Commercial Testing,2025-02-10T12:02:00,Demo Admin
AMB239,2025-02-12,Pass,2026-02-11,,Canvey Commercial Testing,2025-02-12T17:02:00,Demo Admin
AMB167,2025-02-13,Pass,2026-02-12,Minor windscreen damage outside driver's view,Canvey Commercial Testing,2025-02-13T08:59:00,Demo Admin
AMB203,2025-02-13,Pass,2026-02-12,Brake disc worn but not seriously weakened,Southend Vehicle Test Centre,2025-02-13T09:41:00,Demo Admin
AMB151,2025-02-16,Pass,2026-02-15,,Chelmsford Fleet Services,2025-02-16T12:11:00,Demo Admin
AMB259,2025-02-16,Pass,2026-02-15,,Canvey Commercial Testing,2025-02-16T08:20:00,Demo Admin
AMB142,2025-02-17,Pass,2026-02-16,,Essex Commercial MOT Centre,2025-02-17T11:31:00,Demo Admin
AMB186,2025-02-17,Pass,2026-02-16,Brake disc worn but not seriously weakened,Southend Vehicle Test Centre,2025-02-17T15:38:00,Demo Admin
AMB189,2025-02-19,Pass,2026-02-18,,Canvey Commercial Testing,2025-02-19T11:21:00,Demo Admin
AMB241,2025-02-19,Pass,2026-02-18,"Oil leak, but not excessive",Canvey Commercial Testing,2025-02-19T11:24:00,Demo Admin
AMB222,2025-02-23,Pass,2026-02-22,,Canvey Commercial Testing,2025-02-23T12:01:00,Demo Admin
AMB165,2025-02-25,Pass,2026-02-24,Registration plate deteriorated but not likely to be misread,Essex Commercial MOT Centre,2025-02-25T15:05:00,Demo Admin
AMB284,2025-02-25,Pass,2026-02-24,"Oil leak, but not excessive",Southend Vehicle Test Centre,2025-02-25T17:36:00,Demo Admin
AMB129,2025-03-06,Pass,2026-03-05,,Southend Vehicle Test Centre,2025-03-06T10:01:00,Demo Admin
AMB150,2025-03-07,Pass,2026-03-06,"Oil leak, but not excessive",Essex Commercial MOT Centre,2025-03-07T14:19:00,Demo Admin
AMB193,2025-03-07,Fail,,Tyre tread depth below legal minimum,Chelmsford Fleet Services,2025-03-07T15:12:00,Demo Admin
AMB294,2025-03-11,Pass,2026-03-10,Offside rear tyre worn close to legal limit,Canvey Commercial Testing,2025-03-11T12:43:00,Demo Admin
AMB115,2025-03-13,Pass,2026-03-12,Minor windscreen damage outside driver's view,Canvey Commercial Testing,2025-03-13T16:37:00,Demo Admin
AMB180,2025-03-13,Pass,2026-03-12,,Canvey Commercial Testing,2025-03-13T11:35:00,Demo Admin
AMB230,2025-03-13,Fail,,Service brake performance below requirements,Canvey Commercial Testing,2025-03-13T15:49:00,Demo Admin
AMB271,2025-03-13,Pass,2026-03-12,Nearside front tyre worn close to legal limit,Southend Vehicle Test Centre,2025-03-13T15:57:00,Demo Admin
AMB279,2025-03-13,Pass,2026-03-12,Slight play in steering linkage,Southend Vehicle Test Centre,2025-03-13T14:03:00,Demo Admin
AMB172,2025-03-14,Pass,2026-03-13,,Chelmsford Fleet Services,2025-03-14T15:59:00,Demo Admin
AMB197,2025-03-14,Pass,2026-03-13,,Canvey Commercial Testing,2025-03-14T15:33:00,Demo Admin
AMB220,2025-03-14,Pass,2026-03-13,Brake disc worn but not seriously weakened,Essex Commercial MOT Centre,2025-03-14T16:24:00,Demo Admin
AMB289,2025-03-15,Pass,2026-03-14,Slight play in steering linkage,Chelmsford Fleet Services,2025-03-15T17:08:00,Demo Admin
AMB123,2025-03-17,Pass,2026-03-16,Offside rear tyre worn close to legal limit,Canvey Commercial Testing,2025-03-17T11:11:00,Demo Admin
AMB148,2025-03-18,Pass,2026-03-17,Offside rear tyre worn close to legal limit,Essex Commercial MOT Centre,2025-03-18T17:19:00,Demo Admin
AMB187,2025-03-20,Pass,2026-03-19,Brake disc worn but not seriously weakened,Chelmsford Fleet Services,2025-03-20T11:30:00,Demo Admin
AMB283,2025-03-25,Pass,2026-03-24,,Canvey Commercial Testing,2025-03-25T14:47:00,Demo Admin
AMB195,2025-04-07,Pass,2026-04-06,Registration plate deteriorated but not likely to be misread,Chelmsford Fleet Services,2025-04-07T08:22:00,Demo Admin
AMB173,2025-04-10,Pass,2026-04-09,Brake disc worn but not seriously weakened,Chelmsford Fleet Services,2025-04-10T15:12:00,Demo Admin
AMB225,2025-04-12,Pass,2026-04-11,,Chelmsford Fleet Services,2025-04-12T08:27:00,Demo Admin
AMB291,2025-04-12,Pass,2026-04-11,Registration plate deteriorated but not likely to be misread,Southend Vehicle Test Centre,2025-04-12T12:36:00,Demo Admin
AMB205,2025-04-13,Pass,2026-04-12,,Chelmsford Fleet Services,2025-04-13T10:04:00,Demo Admin
AMB221,2025-04-13,Pass,2026-04-12,Minor windscreen damage outside driver's view,Chelmsford Fleet Services,2025-04-13T09:31:00,Demo Admin
AMB273,2025-04-13,Pass,2026-04-12,Brake disc worn but not seriously weakened,Southend Vehicle Test Centre,2025-04-13T13:25:00,Demo Admin
AMB272,2025-04-15,Pass,2026-04-14,Offside rear tyre worn close to legal limit,Essex Commercial MOT Centre,2025-04-15T14:10:00,Demo Admin
AMB236,2025-04-16,Pass,2026-04-15,Nearside front tyre worn close to legal limit,Essex Commercial MOT Centre,2025-04-16T11:02:00,Demo Admin
AMB237,2025-04-16,Pass,2026-04-15,Minor windscreen damage outside driver's view,Southend Vehicle Test Centre,2025-04-16T08:46:00,Demo Admin
AMB227,2025-04-18,Pass,2026-04-17,Brake disc worn but not seriously weakened,Southend Vehicle Test Centre,2025-04-18T13:32:00,Demo Admin
AMB211,2025-04-20,Pass,2026-04-19,Offside rear tyre worn close to legal limit,Canvey Commercial Testing,2025-04-20T14:13:00,Demo Admin
AMB109,2025-04-22,Pass,2026-04-21,"Oil leak, but not excessive",Canvey Commercial Testing,2025-04-22T08:15:00,Demo Admin
AMB141,2025-04-22,Pass,2026-04-21,Slight play in steering linkage,Essex Commercial MOT Centre,2025-04-22T14:57:00,Demo Admin
AMB243,2025-04-23,Pass,2026-04-22,Offside rear tyre worn close to legal limit,Essex Commercial MOT Centre,2025-04-23T09:21:00,Demo Admin
AMB268,2025-04-26,Pass,2026-04-25,,Essex Commercial MOT Centre,2025-04-26T11:19:00,Demo Admin
AMB297,2025-05-06,Pass,2026-05-05,Registration plate deteriorated but not likely to be misread,Canvey Commercial Testing,2025-05-06T16:13:00,Demo Admin
AMB139,2025-05-08,Pass,2026-05-07,,Essex Commercial MOT Centre,2025-05-08T16:09:00,Demo Admin
AMB140,2025-05-08,Pass,2026-05-07,Registration plate deteriorated but not likely to be misread,Canvey Commercial Testing,2025-05-08T08:27:00,Demo Admin
AMB154,2025-05-12,Pass,2026-05-11,Offside rear tyre worn close to legal limit,Canvey Commercial Testing,2025-05-12T08:46:00,Demo Admin
AMB228,2025-05-12,Pass,2026-05-11,Registration plate deteriorated but not likely to be misread,Essex Commercial MOT Centre,2025-05-12T15:06:00,Demo Admin
AMB290,2025-05-12,Pass,2026-05-11,Brake disc worn but not seriously weakened,Chelmsford Fleet Services,2025-05-12T15:20:00,Demo Admin
AMB108,2025-05-13,Pass,2026-05-12,"Oil leak, but not excessive",Southend Vehicle Test Centre,2025-05-13T12:55:00,Demo Admin
AMB191,2025-05-17,Pass,2026-05-16,Minor windscreen damage outside driver's view,Canvey Commercial Testing,2025-05-17T17:43:00,Demo Admin
AMB251,2025-05-18,Pass,2026-05-17,Brake disc worn but not seriously weakened,Essex Commercial MOT Centre,2025-05-18T09:02:00,Demo Admin
AMB276,2025-05-18,Pass,2026-05-17,Slight play in steering linkage,Chelmsford Fleet Services,2025-05-18T16:47:00,Demo Admin
AMB113,2025-05-19,Pass,2026-05-18,Slight play in steering linkage,Southend Vehicle Test Centre,2025-05-19T13:10:00,Demo Admin
AMB124,2025-05-19,Pass,2026-05-18,,Canvey Commercial Testing,2025-05-19T08:59:00,Demo Admin
AMB170,2025-05-20,Fail,,Headlamp not working,Chelmsford Fleet Services,2025-05-20T10:06:00,Demo Admin
AMB269,2025-05-21,Pass,2026-05-20,,Essex Commercial MOT Centre,2025-05-21T08:39:00,Demo Admin
AMB219,2025-05-22,Pass,2026-05-21,Minor windscreen damage outside driver's view,Canvey Commercial Testing,2025-05-22T09:56:00,Demo Admin
AMB229,2025-05-23,Pass,2026-05-22,,Chelmsford Fleet Services,2025-05-23T13:05:00,Demo Admin
AMB158,2025-06-06,Fail,,Suspension component excessively worn,Canvey Commercial Testing,2025-06-06T15:50:00,Demo Admin
AMB118,2025-06-07,Pass,2026-06-06,,Chelmsford Fleet Services,2025-06-07T14:44:00,Demo Admin
AMB107,2025-06-09,Pass,2026-06-08,Nearside front tyre worn close to legal limit,Essex Commercial MOT Centre,2025-06-09T11:58:00,Demo Admin
AMB253,2025-06-11,Pass,2026-06-10,Nearside front tyre worn close to legal limit,Chelmsford Fleet Services,2025-06-11T09:12:00,Demo Admin
AMB153,2025-06-12,Pass,2026-06-11,Slight play in steering linkage,Southend Vehicle Test Centre,2025-06-12T10:35:00,Demo Admin
AMB274,2025-06-12,Pass,2026-06-11,Offside rear tyre worn close to legal limit,Canvey Commercial Testing,2025-06-12T17:39:00,Demo Admin
AMB162,2025-06-13,Pass,2026-06-12,Brake disc worn but not seriously weakened,Southend Vehicle Test Centre,2025-06-13T13:52:00,Demo Admin
AMB245,2025-06-17,Pass,2026-06-16,,Southend Vehicle Test Centre,2025-06-17T15:05:00,Demo Admin
AMB103,2025-06-18,Pass,2026-06-17,,Canvey Commercial Testing,2025-06-18T16:09:00,Demo Admin
AMB288,2025-06-18,Pass,2026-06-17,Minor windscreen damage outside driver's view,Essex Commercial MOT Centre,2025-06-18T11:24:00,Demo Admin
AMB255,2025-06-21,Pass,2026-06-20,,Essex Commercial MOT Centre,2025-06-21T10:49:00,Demo Admin
AMB196,2025-06-22,Pass,2026-06-21,Brake disc worn but not seriously weakened,Canvey Commercial Testing,2025-06-22T10:55:00,Demo Admin
AMB231,2025-06-22,Pass,2026-06-21,Slight play in steering linkage,Essex Commercial MOT Centre,2025-06-22T13:51:00,Demo Admin
AMB174,2025-06-23,Pass,2026-06-22,Nearside front tyre worn close to legal limit,Essex Commercial MOT Centre,2025-06-23T12:02:00,Demo Admin
AMB138,2025-06-24,Pass,2026-06-23,,Southend Vehicle Test Centre,2025-06-24T16:16:00,Demo Admin
AMB119,2025-06-25,Pass,2026-06-24,Offside rear tyre worn close to legal limit,Chelmsford Fleet Services,2025-06-25T15:19:00,Demo Admin
AMB252,2025-07-07,Pass,2026-07-06,,Chelmsford Fleet Services,2025-07-07T11:46:00,Demo Admin
AMB106,2025-07-08,Pass,2026-07-07,Offside rear tyre worn close to legal limit,Southend Vehicle Test Centre,2025-07-08T14:53:00,Demo Admin
AMB183,2025-07-10,Pass,2026-07-09,Minor windscreen damage outside driver's view,Essex Commercial MOT Centre,2025-07-10T08:45:00,Demo Admin
AMB204,2025-07-12,Pass,2026-07-11,"Oil leak, but not excessive",Southend Vehicle Test Centre,2025-07-12T09:54:00,Demo Admin
AMB175,2025-07-14,Pass,2026-07-13,Offside rear tyre worn close to legal limit,Chelmsford Fleet Services,2025-07-14T17:05:00,Demo Admin
AMB264,2025-07-15,Pass,2026-07-14,"Oil leak, but not excessive",Essex Commercial MOT Centre,2025-07-15T16:33:00,Demo Admin
AMB131,2025-07-16,Pass,2026-07-15,,Canvey Commercial Testing,2025-07-16T11:15:00,Demo Admin
AMB218,2025-07-16,Pass,2026-07-15,Offside rear tyre worn close to legal limit,Canvey Commercial Testing,2025-07-16T13:34:00,Demo Admin
AMB105,2025-07-17,Pass,2026-07-16,Offside rear tyre worn close to legal limit,Essex Commercial MOT Centre,2025-07-17T12:33:00,Demo Admin
AMB133,2025-07-17,Pass,2026-07-16,Minor windscreen damage outside driver's view,Essex Commercial MOT Centre,2025-07-17T12:11:00,Demo Admin
AMB157,2025-07-17,Fail,,Suspension component excessively worn,Canvey Commercial Testing,2025-07-17T15:59:00,Demo Admin
AMB262,2025-07-17,Pass,2026-07-16,Slight play in steering linkage,Chelmsford Fleet Services,2025-07-17T08:07:00,Demo Admin
AMB117,2025-07-20,Pass,2026-07-19,Registration plate deteriorated but not likely to be misread,Southend Vehicle Test Centre,2025-07-20T11:56:00,Demo Admin
AMB149,2025-07-21,Pass,2026-07-20,,Southend Vehicle Test Centre,2025-07-21T16:32:00,Demo Admin
AMB188,2025-07-23,Pass,2026-07-22,Slight play in steering linkage,Canvey Commercial Testing,2025-07-23T12:34:00,Demo Admin
AMB280,2025-07-24,Pass,2026-07-23,,Southend Vehicle Test Centre,2025-07-24T15:40:00,Demo Admin
AMB101,2025-08-03,Pass,2026-08-02,Nearside front tyre worn close to legal limit,Essex Commercial MOT Centre,2025-08-03T16:25:00,Demo Admin
AMB248,2025-08-04,Pass,2026-08-03,Offside rear tyre worn close to legal limit,Essex Commercial MOT Centre,2025-08-04T15:09:00,Demo Admin
AMB126,2025-08-05,Pass,2026-08-04,Tyre tread depth below legal minimum,Canvey Commercial Testing,2025-08-05T08:32:00,Demo Admin
AMB137,2025-08-08,Pass,2026-08-07,"Oil leak, but not excessive",Southend Vehicle Test Centre,2025-08-08T12:59:00,Demo Admin
AMB161,2025-08-08,Pass,2026-08-07,Offside rear tyre worn close to legal limit,Canvey Commercial Testing,2025-08-08T09:12:00,Demo Admin
AMB215,2025-08-09,Pass,2026-08-08,,Chelmsford Fleet Services,2025-08-09T13:14:00,Demo Admin
AMB254,2025-08-11,Pass,2026-08-10,Minor windscreen damage outside driver's view,Southend Vehicle Test Centre,2025-08-11T16:33:00,Demo Admin
AMB130,2025-08-12,Pass,2026-08-11,Registration plate deteriorated but not likely to be misread,Southend Vehicle Test Centre,2025-08-12T17:49:00,Demo Admin
AMB210,2025-08-12,Pass,2026-08-11,Slight play in steering linkage,Chelmsford Fleet Services,2025-08-12T08:58:00,Demo Admin
AMB182,2025-08-14,Pass,2026-08-13,Minor windscreen damage outside driver's view,Southend Vehicle Test Centre,2025-08-14T10:34:00,Demo Admin
AMB159,2025-08-16,Pass,2026-08-15,"Oil leak, but not excessive",Canvey Commercial Testing,2025-08-16T12:08:00,Demo Admin
AMB164,2025-08-18,Pass,2026-08-17,Slight play in steering linkage,Chelmsford Fleet Services,2025-08-18T12:11:00,Demo Admin
AMB214,2025-08-18,Pass,2026-08-17,Brake disc worn but not seriously weakened,Canvey Commercial Testing,2025-08-18T13:10:00,Demo Admin
AMB258,2025-08-19,Pass,2026-08-18,Offside rear tyre worn close to legal limit,Chelmsford Fleet Services,2025-08-19T16:46:00,Demo Admin
AMB127,2025-08-21,Pass,2026-08-11,Nearside front tyre worn close to legal limit,Chelmsford Fleet Services,2025-08-21T09:58:00,Demo Admin
AMB226,2025-08-21,Pass,2026-08-20,Registration plate deteriorated but not likely to be misread,Southend Vehicle Test Centre,2025-08-21T14:10:00,Demo Admin
AMB168,2025-09-08,Pass,2026-09-07,Suspension component excessively worn,Chelmsford Fleet Services,2025-09-08T10:16:00,Demo Admin
AMB179,2025-09-08,Pass,2026-09-07,Slight play in steering linkage,Southend Vehicle Test Centre,2025-09-08T14:46:00,Demo Admin
AMB201,2025-09-09,Pass,2026-09-08,Nearside front tyre worn close to legal limit,Canvey Commercial Testing,2025-09-09T15:58:00,Demo Admin
AMB116,2025-09-10,Pass,2026-09-09,,Southend Vehicle Test Centre,2025-09-10T08:44:00,Demo Admin
AMB128,2025-09-11,Pass,2026-09-10,,Southend Vehicle Test Centre,2025-09-11T08:56:00,Demo Admin
AMB178,2025-09-12,Pass,2026-09-11,,Southend Vehicle Test Centre,2025-09-12T12:43:00,Demo Admin
AMB242,2025-09-13,Pass,2026-09-12,,Chelmsford Fleet Services,2025-09-13T16:55:00,Demo Admin
AMB296,2025-09-14,Pass,2026-09-13,Offside rear tyre worn close to legal limit,Southend Vehicle Test Centre,2025-09-14T13:20:00,Demo Admin
AMB300,2025-09-14,Pass,2026-09-13,Slight play in steering linkage,Canvey Commercial Testing,2025-09-14T09:24:00,Demo Admin
AMB223,2025-09-15,Pass,2026-09-14,,Chelmsford Fleet Services,2025-09-15T17:55:00,Demo Admin
AMB200,2025-09-17,Pass,2026-09-16,Offside rear tyre worn close to legal limit,Southend Vehicle Test Centre,2025-09-17T16:15:00,Demo Admin
AMB282,2025-09-17,Pass,2026-09-16,Offside rear tyre worn close to legal limit,Essex Commercial MOT Centre,2025-09-17T12:31:00,Demo Admin
AMB146,2025-09-18,Pass,2026-09-17,"Oil leak, but not excessive",Essex Commercial MOT Centre,2025-09-18T10:36:00,Demo Admin
AMB199,2025-09-18,Pass,2026-09-17,,Southend Vehicle Test Centre,2025-09-18T17:54:00,Demo Admin
AMB267,2025-09-20,Pass,2026-09-19,Registration plate deteriorated but not likely to be misread,Southend Vehicle Test Centre,2025-09-20T09:11:00,Demo Admin
AMB216,2025-09-21,Pass,2026-09-20,Registration plate deteriorated but not likely to be misread,Canvey Commercial Testing,2025-09-21T15:16:00,Demo Admin
AMB171,2025-10-07,Pass,2026-10-06,Service brake performance below requirements,Canvey Commercial Testing,2025-10-07T08:45:00,Demo Admin
AMB244,2025-10-07,Pass,2026-10-06,,Essex Commercial MOT Centre,2025-10-07T12:44:00,Demo Admin
AMB169,2025-10-10,Pass,2026-10-09,,Southend Vehicle Test Centre,2025-10-10T17:36:00,Demo Admin
AMB224,2025-10-10,Pass,2026-10-09,Brake disc worn but not seriously weakened,Chelmsford Fleet Services,2025-10-10T13:34:00,Demo Admin
AMB246,2025-10-12,Pass,2026-10-11,Slight play in steering linkage,Canvey Commercial Testing,2025-10-12T16:27:00,Demo Admin
AMB144,2025-10-14,Pass,2026-10-13,,Essex Commercial MOT Centre,2025-10-14T08:45:00,Demo Admin
AMB234,2025-10-14,Pass,2026-10-13,Brake disc worn but not seriously weakened,Canvey Commercial Testing,2025-10-14T11:41:00,Demo Admin
AMB249,2025-10-14,Pass,2026-10-13,Minor windscreen damage outside driver's view,Southend Vehicle Test Centre,2025-10-14T10:54:00,Demo Admin
AMB152,2025-10-15,Pass,2026-10-14,Slight play in steering linkage,Chelmsford Fleet Services,2025-10-15T15:24:00,Demo Admin
AMB278,2025-10-15,Pass,2026-10-14,Brake disc worn but not seriously weakened,Canvey Commercial Testing,2025-10-15T15:31:00,Demo Admin
AMB286,2025-10-15,Pass,2026-10-14,,Southend Vehicle Test Centre,2025-10-15T12:27:00,Demo Admin
AMB102,2025-10-16,Pass,2026-10-15,Minor windscreen damage outside driver's view,Essex Commercial MOT Centre,2025-10-16T08:52:00,Demo Admin
AMB122,2025-10-16,Pass,2026-10-15,,Chelmsford Fleet Services,2025-10-16T13:49:00,Demo Admin
AMB147,2025-10-16,Pass,2026-10-15,Brake disc worn but not seriously weakened,Essex Commercial MOT Centre,2025-10-16T12:03:00,Demo Admin
AMB238,2025-10-17,Pass,2026-10-16,Registration plate deteriorated but not likely to be misread,Chelmsford Fleet Services,2025-10-17T12:17:00,Demo Admin
AMB217,2025-10-20,Pass,2026-10-19,Offside rear tyre worn close to legal limit,Chelmsford Fleet Services,2025-10-20T10:11:00,Demo Admin
AMB202,2025-11-06,Pass,2026-11-05,Offside rear tyre worn close to legal limit,Southend Vehicle Test Centre,2025-11-06T14:27:00,Demo Admin
AMB235,2025-11-06,Pass,2026-11-05,Registration plate deteriorated but not likely to be misread,Southend Vehicle Test Centre,2025-11-06T13:57:00,Demo Admin
AMB212,2025-11-07,Pass,2026-11-06,Registration plate deteriorated but not likely to be misread,Essex Commercial MOT Centre,2025-11-07T14:30:00,Demo Admin
AMB112,2025-11-09,Pass,2026-11-08,Suspension component excessively worn,Canvey Commercial Testing,2025-11-09T08:58:00,Demo Admin
AMB136,2025-11-09,Pass,2026-11-08,Nearside front tyre worn close to legal limit,Chelmsford Fleet Services,2025-11-09T17:22:00,Demo Admin
AMB209,2025-11-09,Pass,2026-11-08,,Chelmsford Fleet Services,2025-11-09T17:54:00,Demo Admin
AMB156,2025-11-10,Pass,2026-11-09,"Oil leak, but not excessive",Essex Commercial MOT Centre,2025-11-10T12:51:00,Demo Admin
AMB206,2025-11-10,Pass,2026-11-09,Offside rear tyre worn close to legal limit,Chelmsford Fleet Services,2025-11-10T11:57:00,Demo Admin
AMB121,2025-11-11,Pass,2026-11-10,Registration plate deteriorated but not likely to be misread,Southend Vehicle Test Centre,2025-11-11T09:26:00,Demo Admin
AMB134,2025-11-11,Pass,2026-11-10,,Essex Commercial MOT Centre,2025-11-11T14:41:00,Demo Admin
AMB160,2025-11-13,Pass,2026-11-12,Nearside front tyre worn close to legal limit,Canvey Commercial Testing,2025-11-13T15:21:00,Demo Admin
AMB181,2025-11-13,Pass,2026-11-12,"Oil leak, but not excessive",Essex Commercial MOT Centre,2025-11-13T17:50:00,Demo Admin
AMB208,2025-11-13,Pass,2026-11-12,,Canvey Commercial Testing,2025-11-13T11:54:00,Demo Admin
AMB270,2025-11-13,Pass,2026-11-12,Slight play in steering linkage,Canvey Commercial Testing,2025-11-13T11:19:00,Demo Admin
AMB184,2025-11-14,Pass,2026-11-13,Headlamp not working,Chelmsford Fleet Services,2025-11-14T14:57:00,Demo Admin
AMB275,2025-11-14,Pass,2026-11-13,Registration plate deteriorated but not likely to be misread,Essex Commercial MOT Centre,2025-11-14T15:25:00,Demo Admin
AMB292,2025-11-14,Pass,2026-11-13,"Oil leak, but not excessive",Canvey Commercial Testing,2025-11-14T13:50:00,Demo Admin
AMB298,2025-11-14,Pass,2026-11-13,Registration plate deteriorated but not likely to be misread,Essex Commercial MOT Centre,2025-11-14T17:48:00,Demo Admin
AMB240,2025-11-15,Pass,2026-11-14,Nearside front tyre worn close to legal limit,Essex Commercial MOT Centre,2025-11-15T11:25:00,Demo Admin
AMB299,2025-11-17,Pass,2026-11-16,Brake disc worn but not seriously weakened,Canvey Commercial Testing,2025-11-17T14:39:00,Demo Admin
AMB285,2025-11-25,Pass,2026-11-24,Registration plate deteriorated but not likely to be misread,Essex Commercial MOT Centre,2025-11-25T10:08:00,Demo Admin
AMB295,2025-12-08,Pass,2026-12-07,Minor windscreen damage outside driver's view,Southend Vehicle Test Centre,2025-12-08T10:47:00,Demo Admin
AMB263,2025-12-09,Pass,2026-12-08,Slight play in steering linkage,Chelmsford Fleet Services,2025-12-09T14:18:00,Demo Admin
AMB257,2025-12-10,Pass,2026-12-09,Brake disc worn but not seriously weakened,Canvey Commercial Testing,2025-12-10T17:42:00,Demo Admin
AMB233,2025-12-11,Pass,2026-12-10,Nearside front tyre worn close to legal limit,Chelmsford Fleet Services,2025-12-11T08:43:00,Demo Admin
AMB110,2025-12-12,Pass,2026-12-11,,Essex Commercial MOT Centre,2025-12-12T10:11:00,Demo Admin
AMB120,2025-12-12,Pass,2026-12-11,"Oil leak, but not excessive",Canvey Commercial Testing,2025-12-12T09:58:00,Demo Admin
AMB185,2025-12-12,Pass,2026-12-11,Nearside front tyre worn close to legal limit,Essex Commercial MOT Centre,2025-12-12T15:23:00,Demo Admin
AMB111,2025-12-14,Pass,2026-12-13,,Essex Commercial MOT Centre,2025-12-14T10:15:00,Demo Admin
AMB135,2025-12-15,Pass,2026-12-14,,Chelmsford Fleet Services,2025-12-15T11:46:00,Demo Admin
AMB281,2025-12-15,Pass,2026-12-14,,Chelmsford Fleet Services,2025-12-15T08:02:00,Demo Admin
AMB155,2025-12-18,Pass,2026-12-17,Headlamp not working,Canvey Commercial Testing,2025-12-18T08:07:00,Demo Admin
AMB277,2025-12-19,Pass,2026-12-18,Offside rear tyre worn close to legal limit,Chelmsford Fleet Services,2025-12-19T08:09:00,Demo Admin
AMB194,2025-12-21,Pass,2026-12-20,"Oil leak, but not excessive",Chelmsford Fleet Services,2025-12-21T14:43:00,Demo Admin
AMB190,2025-12-22,Pass,2026-12-21,Registration plate deteriorated but not likely to be misread,Chelmsford Fleet Services,2025-12-22T17:04:00,Demo Admin
AMB266,2025-12-24,Pass,2026-12-23,"Oil leak, but not excessive",Chelmsford Fleet Services,2025-12-24T12:22:00,Demo Admin
AMB260,2025-12-25,Pass,2026-12-24,Nearside front tyre worn close to legal limit,Southend Vehicle Test Centre,2025-12-25T11:56:00,Demo Admin
AMB163,2026-01-08,Pass,2027-01-07,Offside rear tyre worn close to legal limit,Southend Vehicle Test Centre,2026-01-08T08:14:00,Demo Admin
AMB287,2026-01-09,Pass,2027-01-08,Registration plate deteriorated but not likely to be misread,Essex Commercial MOT Centre,2026-01-09T16:48:00,Demo Admin
AMB213,2026-01-12,Pass,2027-01-11,,Chelmsford Fleet Services,2026-01-12T17:31:00,Demo Admin
AMB256,2026-01-12,Pass,2027-01-11,Headlamp not working,Essex Commercial MOT Centre,2026-01-12T17:09:00,Demo Admin
AMB232,2026-01-13,Pass,2027-01-12,"Oil leak, but not excessive",Southend Vehicle Test Centre,2026-01-13T14:18:00,Demo Admin
AMB104,2026-01-14,Pass,2027-01-13,Suspension component excessively worn,Essex Commercial MOT Centre,2026-01-14T10:52:00,Demo Admin
AMB177,2026-01-14,Pass,2027-01-13,"Oil leak, but not excessive",Southend Vehicle Test Centre,2026-01-14T14:06:00,Demo Admin
AMB198,2026-01-14,Pass,2027-01-13,Brake disc worn but not seriously weakened,Canvey Commercial Testing,2026-01-14T14:22:00,Demo Admin
AMB145,2026-01-15,Pass,2027-01-14,,Southend Vehicle Test Centre,2026-01-15T14:47:00,Demo Admin
AMB247,2026-01-16,Pass,2027-01-15,,Chelmsford Fleet Services,2026-01-16T11:13:00,Demo Admin
AMB143,2026-01-17,Pass,2027-01-16,Slight play in steering linkage,Canvey Commercial Testing,2026-01-17T13:30:00,Demo Admin
AMB176,2026-01-18,Pass,2027-01-17,Slight play in steering linkage,Canvey Commercial Testing,2026-01-18T17:49:00,Demo Admin
AMB192,2026-01-18,Pass,2027-01-17,Registration plate deteriorated but not likely to be misread,Essex Commercial MOT Centre,2026-01-18T13:24:00,Demo Admin
AMB132,2026-01-20,Pass,2027-01-19,,Essex Commercial MOT Centre,2026-01-20T09:47:00,Demo Admin
AMB166,2026-01-20,Pass,2027-01-19,Slight play in steering linkage,Canvey Commercial Testing,2026-01-20T17:56:00,Demo Admin
AMB261,2026-01-20,Pass,2027-01-19,Brake disc worn but not seriously weakened,Canvey Commercial Testing,2026-01-20T09:26:00,Demo Admin
AMB265,2026-01-22,Pass,2027-01-21,,Canvey Commercial Testing,2026-01-22T16:31:00,Demo Admin
AMB125,2026-02-03,Pass,2027-02-02,Brake disc worn but not seriously weakened,Essex Commercial MOT Centre,2026-02-03T09:18:00,Demo Admin
AMB293,2026-02-08,Pass,2027-02-07,,Southend Vehicle Test Centre,2026-02-08T14:41:00,Demo Admin
AMB203,2026-02-09,Pass,2027-02-08,,Southend Vehicle Test Centre,2026-02-09T15:40:00,Demo Admin
AMB239,2026-02-13,Pass,2027-02-12,"Oil leak, but not excessive",Canvey Commercial Testing,2026-02-13T17:54:00,Demo Admin
AMB114,2026-02-14,Pass,2027-02-13,Minor windscreen damage outside driver's view,Essex Commercial MOT Centre,2026-02-14T08:06:00,Demo Admin
AMB186,2026-02-14,Pass,2027-02-13,"Oil leak, but not excessive",Canvey Commercial Testing,2026-02-14T17:14:00,Demo Admin
AMB167,2026-02-15,Pass,2027-02-14,Brake disc worn but not seriously weakened,Chelmsford Fleet Services,2026-02-15T12:54:00,Demo Admin
AMB207,2026-02-15,Pass,2027-02-14,Registration plate deteriorated but not likely to be misread,Southend Vehicle Test Centre,2026-02-15T13:31:00,Demo Admin
AMB151,2026-02-16,Pass,2027-02-15,"Oil leak, but not excessive",Chelmsford Fleet Services,2026-02-16T15:53:00,Demo Admin
AMB250,2026-02-16,Pass,2027-02-15,,Canvey Commercial Testing,2026-02-16T10:50:00,Demo Admin
AMB259,2026-02-16,Pass,2027-02-15,,Chelmsford Fleet Services,2026-02-16T13:12:00,Demo Admin
AMB241,2026-02-17,Pass,2027-02-16,Slight play in steering linkage,Canvey Commercial Testing,2026-02-17T10:42:00,Demo Admin
AMB142,2026-02-18,Pass,2027-02-17,,Essex Commercial MOT Centre,2026-02-18T10:58:00,Demo Admin
AMB189,2026-02-18,Pass,2027-02-17,Nearside front tyre worn close to legal limit,Essex Commercial MOT Centre,2026-02-18T12:01:00,Demo Admin
AMB165,2026-02-20,Pass,2027-02-19,,Southend Vehicle Test Centre,2026-02-20T17:13:00,Demo Admin
AMB222,2026-02-22,Pass,2027-02-21,"Oil leak, but not excessive",Canvey Commercial Testing,2026-02-22T11:15:00,Demo Admin
AMB284,2026-02-25,Pass,2027-02-24,,Southend Vehicle Test Centre,2026-02-25T11:52:00,Demo Admin
AMB193,2026-03-04,Pass,2027-03-03,"Oil leak, but not excessive",Southend Vehicle Test Centre,2026-03-04T09:48:00,Demo Admin
AMB150,2026-03-07,Pass,2027-03-06,Brake disc worn but not seriously weakened,Chelmsford Fleet Services,2026-03-07T11:28:00,Demo Admin
AMB230,2026-03-11,Pass,2027-03-10,Suspension component excessively worn,Essex Commercial MOT Centre,2026-03-11T13:34:00,Demo Admin
AMB294,2026-03-12,Pass,2027-03-11,Brake disc worn but not seriously weakened,Chelmsford Fleet Services,2026-03-12T15:32:00,Demo Admin
AMB115,2026-03-13,Pass,2027-03-12,,Canvey Commercial Testing,2026-03-13T15:45:00,Demo Admin
AMB129,2026-03-13,Pass,2027-03-12,,Essex Commercial MOT Centre,2026-03-13T15:55:00,Demo Admin
AMB123,2026-03-14,Pass,2027-03-13,Service brake performance below requirements,Canvey Commercial Testing,2026-03-14T13:48:00,Demo Admin
AMB197,2026-03-14,Pass,2027-03-13,Minor windscreen damage outside driver's view,Southend Vehicle Test Centre,2026-03-14T10:55:00,Demo Admin
AMB148,2026-03-15,Pass,2027-03-14,Brake disc worn but not seriously weakened,Chelmsford Fleet Services,2026-03-15T09:56:00,Demo Admin
AMB180,2026-03-15,Pass,2027-03-14,Brake disc worn but not seriously weakened,Chelmsford Fleet Services,2026-03-15T12:04:00,Demo Admin
AMB271,2026-03-15,Pass,2027-03-14,Nearside front tyre worn close to legal limit,Southend Vehicle Test Centre,2026-03-15T09:26:00,Demo Admin
AMB289,2026-03-15,Pass,2027-03-14,Nearside front tyre worn close to legal limit,Chelmsford Fleet Services,2026-03-15T15:30:00,Demo Admin
AMB172,2026-03-16,Pass,2027-03-15,Brake disc worn but not seriously weakened,Essex Commercial MOT Centre,2026-03-16T13:51:00,Demo Admin
AMB220,2026-03-17,Pass,2027-03-16,,Essex Commercial MOT Centre,2026-03-17T12:10:00,Demo Admin
AMB283,2026-03-19,Pass,2027-03-18,Slight play in steering linkage,Chelmsford Fleet Services,2026-03-19T16:15:00,Demo Admin
AMB187,2026-03-21,Pass,2027-03-20,"Oil leak, but not excessive",Chelmsford Fleet Services,2026-03-21T16:18:00,Demo Admin
AMB279,2026-03-21,Pass,2027-03-20,Minor windscreen damage outside driver's view,Chelmsford Fleet Services,2026-03-21T11:29:00,Demo Admin
AMB291,2026-04-05,Pass,2027-04-04,,Chelmsford Fleet Services,2026-04-05T15:08:00,Demo Admin
AMB236,2026-04-07,Pass,2027-04-06,"Oil leak, but not excessive",Essex Commercial MOT Centre,2026-04-07T17:48:00,Demo Admin
AMB173,2026-04-09,Pass,2027-04-08,Offside rear tyre worn close to legal limit,Chelmsford Fleet Services,2026-04-09T17:38:00,Demo Admin
AMB205,2026-04-09,Pass,2027-04-08,,Southend Vehicle Test Centre,2026-04-09T13:34:00,Demo Admin
AMB195,2026-04-10,Pass,2027-04-09,Headlamp not working,Canvey Commercial Testing,2026-04-10T13:01:00,Demo Admin
AMB211,2026-04-14,Pass,2027-04-13,Brake disc worn but not seriously weakened,Southend Vehicle Test Centre,2026-04-14T12:21:00,Demo Admin
AMB225,2026-04-14,Pass,2027-04-13,Minor windscreen damage outside driver's view,Southend Vehicle Test Centre,2026-04-14T12:58:00,Demo Admin
AMB272,2026-04-14,Pass,2027-04-13,Registration plate deteriorated but not likely to be misread,Canvey Commercial Testing,2026-04-14T11:22:00,Demo Admin
AMB237,2026-04-15,Pass,2027-04-14,,Southend Vehicle Test Centre,2026-04-15T15:33:00,Demo Admin
AMB221,2026-04-16,Pass,2027-04-15,Slight play in steering linkage,Chelmsford Fleet Services,2026-04-16T14:57:00,Demo Admin
AMB243,2026-04-18,Pass,2027-04-17,Nearside front tyre worn close to legal limit,Canvey Commercial Testing,2026-04-18T15:13:00,Demo Admin
AMB268,2026-04-20,Pass,2027-04-19,,Essex Commercial MOT Centre,2026-04-20T14:47:00,Demo Admin
AMB141,2026-04-21,Pass,2027-04-20,Minor windscreen damage outside driver's view,Chelmsford Fleet Services,2026-04-21T09:29:00,Demo Admin
AMB109,2026-04-22,Pass,2027-04-21,Offside rear tyre worn close to legal limit,Canvey Commercial Testing,2026-04-22T16:02:00,Demo Admin
AMB273,2026-04-22,Pass,2027-04-21,Nearside front tyre worn close to legal limit,Southend Vehicle Test Centre,2026-04-22T12:53:00,Demo Admin
AMB227,2026-04-24,Pass,2027-04-23,,Canvey Commercial Testing,2026-04-24T12:35:00,Demo Admin
AMB108,2026-05-06,Pass,2027-05-05,,Southend Vehicle Test Centre,2026-05-06T09:05:00,Demo Admin
AMB140,2026-05-07,Pass,2027-05-06,,Southend Vehicle Test Centre,2026-05-07T15:44:00,Demo Admin
AMB297,2026-05-08,Pass,2027-05-07,"Oil leak, but not excessive",Essex Commercial MOT Centre,2026-05-08T15:34:00,Demo Admin
AMB139,2026-05-11,Pass,2027-05-10,Offside rear tyre worn close to legal limit,Southend Vehicle Test Centre,2026-05-11T11:40:00,Demo Admin
AMB124,2026-05-12,Pass,2027-05-11,Slight play in steering linkage,Essex Commercial MOT Centre,2026-05-12T12:02:00,Demo Admin
AMB228,2026-05-12,Pass,2027-05-11,Offside rear tyre worn close to legal limit,Essex Commercial MOT Centre,2026-05-12T17:12:00,Demo Admin
AMB269,2026-05-12,Pass,2027-05-11,,Canvey Commercial Testing,2026-05-12T09:04:00,Demo Admin
AMB276,2026-05-12,Pass,2027-05-11,,Canvey Commercial Testing,2026-05-12T16:27:00,Demo Admin
AMB170,2026-05-14,Pass,2027-05-13,Minor windscreen damage outside driver's view,Essex Commercial MOT Centre,2026-05-14T09:44:00,Demo Admin
AMB290,2026-05-14,Pass,2027-05-13,Offside rear tyre worn close to legal limit,Southend Vehicle Test Centre,2026-05-14T10:52:00,Demo Admin
AMB219,2026-05-15,Pass,2027-05-14,Brake disc worn but not seriously weakened,Canvey Commercial Testing,2026-05-15T08:13:00,Demo Admin
AMB251,2026-05-15,Pass,2027-05-14,Slight play in steering linkage,Southend Vehicle Test Centre,2026-05-15T13:29:00,Demo Admin
AMB154,2026-05-18,Pass,2027-05-17,Brake disc worn but not seriously weakened,Chelmsford Fleet Services,2026-05-18T13:44:00,Demo Admin
AMB113,2026-05-20,Pass,2027-05-19,Registration plate deteriorated but not likely to be misread,Canvey Commercial Testing,2026-05-20T17:58:00,Demo Admin
AMB229,2026-05-22,Pass,2027-05-21,"Oil leak, but not excessive",Southend Vehicle Test Centre,2026-05-22T14:11:00,Demo Admin
AMB191,2026-05-23,Pass,2027-05-22,Offside rear tyre worn close to legal limit,Essex Commercial MOT Centre,2026-05-23T13:46:00,Demo Admin
AMB158,2026-06-03,Pass,2027-06-02,Slight play in steering linkage,Essex Commercial MOT Centre,2026-06-03T14:00:00,Demo Admin
AMB118,2026-06-05,Pass,2027-06-04,Slight play in steering linkage,Essex Commercial MOT Centre,2026-06-05T09:43:00,Demo Admin
AMB274,2026-06-05,Pass,2027-06-04,Minor windscreen damage outside driver's view,Southend Vehicle Test Centre,2026-06-05T16:17:00,Demo Admin
AMB153,2026-06-10,Pass,2027-06-09,Registration plate deteriorated but not likely to be misread,Essex Commercial MOT Centre,2026-06-10T16:57:00,Demo Admin
AMB231,2026-06-13,Pass,2027-06-12,,Chelmsford Fleet Services,2026-06-13T10:30:00,Demo Admin
AMB245,2026-06-13,Pass,2027-06-12,Brake disc worn but not seriously weakened,Essex Commercial MOT Centre,2026-06-13T16:28:00,Demo Admin
AMB107,2026-06-15,Pass,2027-06-14,,Chelmsford Fleet Services,2026-06-15T16:03:00,Demo Admin
AMB162,2026-06-15,Pass,2027-06-14,Brake disc worn but not seriously weakened,Chelmsford Fleet Services,2026-06-15T13:24:00,Demo Admin
AMB103,2026-06-17,Pass,2027-06-16,Slight play in steering linkage,Southend Vehicle Test Centre,2026-06-17T08:37:00,Demo Admin
AMB255,2026-06-17,Pass,2027-06-16,,Canvey Commercial Testing,2026-06-17T11:30:00,Demo Admin
AMB119,2026-06-18,Pass,2027-06-17,Registration plate deteriorated but not likely to be misread,Canvey Commercial Testing,2026-06-18T15:30:00,Demo Admin
AMB174,2026-06-18,Pass,2027-06-17,,Canvey Commercial Testing,2026-06-18T17:07:00,Demo Admin
AMB253,2026-06-19,Pass,2027-06-18,Nearside front tyre worn close to legal limit,Chelmsford Fleet Services,2026-06-19T14:13:00,Demo Admin
AMB138,2026-06-20,Pass,2027-06-19,"Oil leak, but not excessive",Southend Vehicle Test Centre,2026-06-20T13:11:00,Demo Admin
AMB288,2026-06-21,Pass,2027-06-20,"Oil leak, but not excessive",Essex Commercial MOT Centre,2026-06-21T09:35:00,Demo Admin
AMB196,2026-06-22,Pass,2027-06-21,"Oil leak, but not excessive",Essex Commercial MOT Centre,2026-06-22T08:17:00,Demo Admin
AMB252,2026-07-06,Pass,2027-07-05,Slight play in steering linkage,Canvey Commercial Testing,2026-07-06T13:26:00,Demo Admin
AMB105,2026-07-08,Pass,2027-07-07,,Essex Commercial MOT Centre,2026-07-08T14:25:00,Demo Admin
AMB175,2026-07-08,Pass,2027-07-07,,Canvey Commercial Testing,2026-07-08T14:04:00,Demo Admin
AMB106,2026-07-10,Pass,2027-07-09,"Oil leak, but not excessive",Southend Vehicle Test Centre,2026-07-10T11:30:00,Demo Admin
AMB183,2026-07-12,Pass,2027-07-11,,Canvey Commercial Testing,2026-07-12T08:11:00,Demo Admin
AMB133,2026-07-15,Pass,2027-07-14,,Chelmsford Fleet Services,2026-07-15T08:52:00,Demo Admin
AMB157,2026-07-15,Pass,2027-07-14,Offside rear tyre worn close to legal limit,Chelmsford Fleet Services,2026-07-15T14:37:00,Demo Admin
AMB264,2026-07-15,Pass,2027-07-14,Offside rear tyre worn close to legal limit,Chelmsford Fleet Services,2026-07-15T10:31:00,Demo Admin
AMB188,2026-07-17,Pass,2027-07-16,,Southend Vehicle Test Centre,2026-07-17T17:41:00,Demo Admin
AMB204,2026-07-18,Pass,2027-07-17,Registration plate deteriorated but not likely to be misread,Southend Vehicle Test Centre,2026-07-18T14:41:00,Demo Admin
AMB218,2026-07-18,Pass,2027-07-17,Nearside front tyre worn close to legal limit,Essex Commercial MOT Centre,2026-07-18T16:20:00,Demo Admin
AMB117,2026-07-19,Pass,2027-07-18,"Oil leak, but not excessive",Essex Commercial MOT Centre,2026-07-19T11:40:00,Demo Admin
AMB280,2026-07-20,Pass,2027-07-19,Offside rear tyre worn close to legal limit,Chelmsford Fleet Services,2026-07-20T12:06:00,Demo Admin
AMB262,2026-07-22,Pass,2027-07-21,,Essex Commercial MOT Centre,2026-07-22T12:24:00,Demo Admin
AMB131,2026-07-23,Pass,2027-07-22,"Oil leak, but not excessive",Chelmsford Fleet Services,2026-07-23T13:57:00,Demo Admin
AMB149,2026-07-23,Pass,2027-07-22,Minor windscreen damage outside driver's view,Chelmsford Fleet Services,2026-07-23T12:14:00,Demo Admin
AMB182,2026-08-09,Pass,2027-08-08,Slight play in steering linkage,Essex Commercial MOT Centre,2026-08-09T16:54:00,Demo Admin
AMB210,2026-08-14,Pass,2027-08-13,,Essex Commercial MOT Centre,2026-08-14T15:44:00,Demo Admin
AMB226,2026-08-14,Pass,2027-08-13,,Essex Commercial MOT Centre,2026-08-14T17:28:00,Demo Admin
AMB214,2026-08-19,Pass,2027-08-18,,Southend Vehicle Test Centre,2026-08-19T13:11:00,Demo Admin
"AMB101","2026-07-30","Pass","2027-08-02","","Canvey Commercial Testing","2026-08-03T22:31:23.333Z","Demo Admin"
